Ministry,Budget_07-08,Budget_20-21,Budget_10-11,Budget_06-07,Budget_15-16,Budget_22-23,Budget_12-13,Budget_13-14,Budget_23-24,Budget_21-22,Budget_09-10,Budget_19-20,Budget_05-06,Budget_16-17,Growth_05-06_to_06-07,Growth_06-07_to_07-08,Growth_07-08_to_09-10,Growth_09-10_to_10-11,Growth_10-11_to_12-13,Growth_12-13_to_13-14,Growth_13-14_to_15-16,Growth_15-16_to_16-17,Growth_16-17_to_19-20,Growth_19-20_to_20-21,Growth_20-21_to_21-22,Growth_21-22_to_22-23,Growth_22-23_to_23-24,CAGR
,0.0,0.0,0.0,0.0,0.0,0.0,0.0,0.0,0.0,0.0,0.0,0.0,0.0,0.0,0.0,0.0,0.0,0.0,0.0,0.0,0.0,0.0,0.0,0.0,0.0,0.0,0.0,0.0
AYUSH,0.0,2122.08,964.0,0.0,896.0,3050.0,1178.0,1259.0,3647.5,2970.3,0.0,1739.76,0.0,926.2,0.0,0.0,0.0,0.0,22.199170124481327,6.8760611205432935,-28.832406671961873,3.3705357142857197,87.83847980997623,21.975444888950197,39.97116037095681,2.683230650102677,19.59016393442623,0.0
Agricultural Research and Education,2460.0,8362.58,3818.05,2160.0,0.0,8513.62,0.0,0.0,9504.0,8513.62,3241.4,8078.76,1942.0,0.0,11.225540679711637,13.88888888888889,31.764227642276428,17.790152403282537,-100.0,0.0,0.0,0.0,0.0,3.513162911139825,1.8061411669604461,0.0,11.632889417192677,12.992743610609715
Agriculture and Farmers Welfare,5947.21,134399.77,8885.97,5219.16,6203.85,0.0,11313.22,11979.5,0.0,123017.57,7715.6,129585.21,4589.83,23228.83,13.711401075856838,13.949562764889373,29.734783200862257,15.168878635491717,27.315532237898623,5.8893931170789635,-48.21278016611711,274.4260418933405,457.8636978272259,3.7153622701232516,-8.468913302455789,-100.0,0.0,0.0
Animal Husbandry and Dairying,0.0,3289.13,0.0,0.0,1227.43,3918.84,2009.37,2110.16,4327.85,3101.98,1206.28,3100.0,710.69,1339.51,-100.0,0.0,0.0,-100.0,0.0,5.0160000398134725,-41.83237290063312,9.131274288554128,131.42791020597085,6.100967741935488,-5.689954486444746,26.333503117363755,10.43701707648182,14.908784418857568
Atomic Energy,6130.0,18228.94,8521.0,5505.08,10912.0,22723.58,9232.0,9833.32,25078.49,18264.89,7773.0,16725.51,4995.86,11682.48,10.192839671247798,11.351696978063899,26.802610114192493,9.623054161842274,8.344091069123342,6.513431542461003,10.969641992734909,7.060850439882695,43.167461018550846,8.988843987418024,0.19721388078517307,24.41126116828518,10.36328782700613,13.213786858045307
Chemicals and Petrochemicals,0.0,218.34,0.0,0.0,255.18,209.0,1802.62,1343.01,173.45,233.14,0.0,263.65,0.0,202.04,0.0,0.0,0.0,0.0,0.0,-25.49677691360353,-80.99939687716397,-20.82451602790188,30.493961591764002,-17.185662810544276,6.778418979573135,-10.354293557519082,-17.009569377990434,0.0
Civil Aviation,617.56,3797.71,2885.0,448.6,3341.5,10667.0,5238.8,5882.18,3113.36,3224.67,887.0,4500.0,633.5,2590.68,-29.187056037884762,37.663843067320535,43.62976876740723,225.25366403607669,81.58752166377818,12.281056730548983,-43.19282986919816,-22.4695496034715,73.69956922506833,-15.606444444444445,-15.089093164038328,230.793538563636,-70.81316208868472,13.029284550867581
Coal,288.0,882.61,447.7,205.71,606.0,393.24,498.35,497.7,192.32,534.88,349.0,822.05,192.07,361.0,7.1015775498516245,40.00291672743182,21.180555555555554,28.28080229226361,11.313379495197685,-0.13043042038728486,21.76009644364075,-40.42904290429043,127.7146814404432,7.366948482452414,-39.397922072036344,-26.48070595273706,-51.09347980876818,0.010006365450143662
Commerce and Industry,3154.44,6219.32,5188.92,3081.61,7707.700000000001,6073.0,6590.25,7107.29,5254.58,4986.01,4838.0,11893.83,3060.27,7389.35,0.6973240923186564,2.3633749890479305,53.37112134007938,7.253410500206699,27.00619782151199,7.845529380524259,8.447805000218096,-4.130285299116472,60.95908300459444,-47.70969485859475,-19.830302991323805,21.80079863457955,-13.476370821669686,4.24611201988534
Consumer Affairs,249.64,2300.0,475.2,198.0,261.77,1724.88,602.29,556.9,250.66,2974.1,467.0,2272.32,133.34,1241.61,48.49257537123143,26.080808080808076,87.06937990706618,1.7558886509635951,26.744528619528612,-7.5362366966079435,-52.99515173280661,374.3133284944799,83.01398990021023,1.2181382903816291,29.30869565217391,-42.00329511448841,-85.46797458373916,4.97515063459244
Corporate Affairs,201.0,727.62,249.01,145.0,271.88,733.02,245.5,255.28,756.19,712.13,229.62,553.63,116.27,344.43,24.709727358733986,38.62068965517241,14.238805970149256,8.444386377493244,-1.4095819445002173,3.983706720977597,6.502663741773737,26.68456672061204,60.73803094968498,31.427126420172318,-2.1288584700805377,2.933453161641833,3.160896019208217,15.491765348042996
Culture,932.61,3149.86,1238.0,820.0,2169.0,3009.05,1447.0,2062.0,3399.65,2687.99,1276.0,3042.35,865.27,2500.0,-5.231892935153187,13.732926829268294,36.820321463419866,-2.978056426332288,16.882067851373183,42.50172771250864,5.18913676042677,15.260488704472108,21.693999999999996,3.533781451838224,-14.663191379934357,11.944240863991325,12.980841129260062,11.09999597156981
Defence Services,96000.0,209319.0,147344.0,89000.0,246727.0,233000.54,193407.29,203672.12,270120.14,212027.56,141703.0,198485.76,83000.0,222456.14,7.228915662650602,7.865168539325842,47.60729166666667,3.9808613790816003,31.26241312846129,5.307364577622688,21.139309592299625,-9.837131728590704,-10.775328565891687,5.457943179399868,1.2939866901714596,9.891629182545897,15.931121876369902,9.501848819571634
Electronics and Information Technology,1536.0,6899.03,2707.0,1126.0,2630.0,14300.0,3051.0,3052.0,16549.04,9720.66,2582.0,6420.0,965.3,3328.82,16.64767429814566,36.41207815275311,68.09895833333334,4.841208365608056,12.707794606575545,0.03277613897082924,-13.826998689384009,26.571102661596964,92.8611339754027,7.461526479750775,40.89893796664169,47.10935265712411,15.727552447552453,24.431855387965285
"Environment, Forests and Climate Change",1539.0,3100.0,2351.16,1520.14,1230.05,3030.0,2629.41,2630.2,3079.4,2869.93,2129.0,3175.72,1388.19,1393.32,9.505183008089674,1.2406752009683253,38.33658219623132,10.434945984030055,11.8345837799214,0.030044762893575504,-53.23359440346741,13.273444168936221,127.92466913558982,-2.3843411887697847,-7.421612903225812,5.577487952667841,1.6303630363036332,6.320425796664697
External Affairs,4433.6,17346.71,6375.0,3695.05,14966.83,17250.0,9661.97,11719.0,18050.0,18154.73,6293.0,16061.78,3928.0,14662.66,-5.930498981670056,19.987550912707544,41.93883074702273,1.3030351183855078,51.56031372549018,21.289964675940837,27.714224763205053,-2.032294079641448,9.542061263099606,7.999922798095843,4.65805907863797,-4.983439577454468,4.63768115942029,12.446668872602086
Fertilizers,22532.0,71345.0,50215.0,17385.81,73047.8,105262.23,61256.0,66269.0,175148.48,80011.39,50200.0,75035.0,16398.82,70039.37,6.018664757586226,29.599943862264677,122.79424818036571,0.0298804780876494,21.9874539480235,8.18368812850986,10.229217281081656,-4.118440254189733,7.132602706163698,-4.917705070966882,12.147158175064824,31.559056779291044,66.39252275008806,19.983796035548895
Food and Public Distribution,26085.0,122235.43,56133.05,24595.8,125212.0,215959.58,76267.16,91034.55,205513.94,253974.3,53262.0,192240.39,26590.1,140150.0,-7.500159833923149,6.054692264532973,104.18631397354801,5.3904284480492715,35.868548030082096,19.36271129015424,37.54338325394039,11.930166437721624,37.167599001070286,-36.41532354361121,107.77470165564927,-14.967939669486244,-4.836849562311607,17.03534082681839
Health and Family Welfare,15291.0,65011.8,23530.0,12545.88,11358.0,83000.0,30702.0,33278.0,86175.0,71268.77,21113.33,61398.12,10281.13,16371.08,22.028220633335053,21.88064926493798,38.07684258714277,11.446181156643686,30.480237994050146,8.39033287733698,-65.86934310956187,44.136995949991196,275.04013174451535,5.885652524865582,9.624360500709104,16.460547866898775,3.825301204819277,17.767698488567806
Heavy Industries,906.3,1489.98,881.71,905.84,1624.73,0.0,1009.67,1028.97,0.0,995.27,812.0,1162.0,861.32,1300.0,5.168810662703755,0.05078159498365304,-10.404943175548931,8.584975369458132,14.512708260085505,1.9115156437251843,57.89867537440353,-19.98670548337262,-10.615384615384615,28.225473321858868,-33.20245909341065,-100.0,0.0,0.0
Higher Education,9209.5,39466.52,16690.0,6982.28,25700.26,40828.35,25275.0,26750.0,44094.62,38350.65,15429.0,37461.01,5800.5,27585.0,20.373760882682525,31.898176526865157,67.53352516423259,8.17292112256141,51.43798681845416,5.835806132542038,-3.9242616822429968,7.333544485542176,35.80210259198841,5.353592975736625,-2.827383817980393,6.460646690473296,8.000004898557018,16.886159737462393
Home Affairs,20995.73,8002.0,35144.97,18018.41,65651.1,7621.0,52222.1,56906.84,5901.31,7620.4,37299.78,4895.81,17015.82,73406.37,5.892105111596151,16.523766525459237,77.65412300501102,-5.777004582868847,48.59053799163862,8.970799718892955,15.365920862940218,11.812856144070684,-93.33053793560423,63.445885359113184,-4.768807798050492,0.007873602435572462,-22.56514893058653,-7.822965002523374
Housing and Urban Affairs,7629.04,50039.9,7489.37,3206.26,13192.87,76549.46,9685.99,10363.75,76431.6,54581.0,5245.78,48032.17,3180.05,17461.6,0.824200877344697,137.94202591181,-31.239317135576695,42.769426091067494,29.329836822055793,6.997322937562399,27.298226993125084,32.35634096295952,175.07313190085677,4.1799693830197615,9.074958183369668,40.249280885289764,-0.15396581504298082,27.708082699484905
Petroleum and Natural Gas,0.0,42901.0,3179.0,3106.62,30125.55,8939.86,43759.85,65188.41,41007.72,15943.78,3169.0,42901.49,3669.0,29160.62,-15.32788225674571,-100.0,0.0,0.3155569580309246,1276.528782636049,48.96854079710055,-53.786953846550325,-3.203028658397939,47.121323209177305,-0.001142151473055977,-62.8358779515629,-43.928855014306514,358.7065121825174,20.40370177123414
Pharmaceuticals,0.0,333.58,198.0,0.0,259.02,2244.15,231.09,228.33,3160.06,470.41,0.0,235.51,0.0,211.4,0.0,0.0,0.0,0.0,16.712121212121215,-1.1943398675840542,13.441072132439874,-18.38468071963554,11.404919583727525,41.6415438834869,41.018646201810675,377.0625624455262,40.81322549740435,0.0
Posts,1714.38,15525.38,4266.14,1765.2,7138.7,20820.02,6537.12,7527.09,25814.0,16528.22,6021.26,11299.1,1773.1,9025.53,-0.445547346455353,-2.8789938817131167,251.22084951994304,-29.14871638162112,53.23266465704359,15.143824803583234,-5.159895789740794,26.431002843655023,25.19043203003036,37.40368701932011,6.4593588047442445,25.966498509821378,23.986432289690402,22.87709315661026
Power,5552.19,15874.82,10474.87,5567.0,6725.93,16074.74,9519.11,10073.07,20671.32,15322.0,9202.0,15874.82,3061.7,12252.71,81.82708952542707,-0.2660319741332926,65.73640311300586,13.832536405129328,-9.124313714633214,5.819451608396154,-33.22859862981196,82.17123877292804,29.561705124825455,0.0,-3.4823701938037703,4.912805116825479,28.595050370954677,15.824498621177385
Railways,6886.31,72215.63,0.0,6800.14,40000.0,140367.13,24000.0,26000.0,241267.51,110054.64,14600.0,66768.67,6520.0,45000.0,4.296625766871171,1.2671797933571967,112.01485265693817,-100.0,0.0,8.333333333333332,53.84615384615385,12.5,48.37482222222222,8.157957916489885,52.3972580451074,27.54312766822008,71.88319658598135,32.018474857048275
Road Transport and Highways,30766.170000000002,91823.22,22184.9,15253.8,42841.65,199107.71,28438.21,28942.23,270434.71,118101.0,19565.0,83015.97,13889.55,46983.0,9.822132466494596,101.6951185933997,-36.40742412851519,13.390748786097632,28.18723546195835,1.7723337720623078,48.02470300318946,9.666644491983849,76.69363386756912,10.609103284584881,28.617794061240716,68.59104495304865,35.82332396872026,25.655827670624976
School Education and Literacy,23142.22,59845.0,33214.0,17132.71,6153.0,63449.37,48781.0,52701.0,68804.85,54873.66,29099.21,56386.63,12536.53,8466.5,36.66229810003245,35.07623720940822,25.740788913077473,14.140555705807826,46.868790269163604,8.03591562288596,-88.32469972106792,37.599544937428895,565.9969290734069,6.133315645925289,-8.307026485086467,15.628099164517181,8.44055662018394,13.99351133061495
Science and Technology,3550.0,6301.53,2369.0,1746.0,3835.7,6000.0,2873.22,3184.27,7931.05,6067.39,2133.0,5321.01,1636.0,4470.2,6.723716381418093,103.32187857961055,-39.91549295774648,11.064228785747773,21.284086112283656,10.825833037498006,20.457750127972812,16.541961050134265,19.032929175428404,18.427328646253237,-3.7156055751539614,-1.110691747192785,32.18416666666667,12.910521815809384
Shipping,3107.0,1800.0,1935.89,1236.67,1439.79,0.0,1679.49,1712.67,0.0,0.0,1755.53,1902.56,963.92,1531.0,28.295916673582884,151.23921498863885,-43.49758609591245,10.273820441689981,-13.244554184380315,1.9755997356340353,-15.933016868398472,6.334951624889744,24.269105160026122,-5.390631570095027,-100.0,0.0,0.0,0.0
Space,7717.2,13479.47,5778.0,3610.0,7388.19,13700.0,6715.0,6792.0,12543.91,13949.09,4959.0,11538.26,3148.0,7509.14,14.675984752223634,113.77285318559555,-35.74094231068263,16.515426497277677,16.216683973693318,1.14668652271035,8.777826855123669,1.6370721381014937,53.65621096423825,16.824113861188767,3.4839648739898585,-1.7857078848871155,-8.438613138686133,11.220406323805499
Steel,301.0,100.0,107.62,129.5,82.95,47.0,115.29,112.87,70.15,39.25,115.36,241.29,89.53,85.62,44.644253322908526,132.43243243243242,-61.67441860465116,-6.709431345353671,7.126928080282477,-2.0990545580709528,-26.508372463896517,3.2188065099457526,181.81499649614574,-58.55609432632931,-60.75000000000001,19.745222929936308,49.25531914893618,-1.8589501897123606
Telecommunications,3840.0,66431.69,7210.87,3166.46,13474.6,84586.8,10094.04,11703.14,97579.05,58737.0,7854.0,27338.36,2858.65,18413.87,10.767670054046489,21.271072427884764,104.53125000000001,-8.188566335625161,39.98366355238689,15.9410899897365,15.136621453729521,36.6561530583468,48.46612906466702,142.99808035302777,-11.58286052936483,44.009397824199404,15.359666047184668,31.20129542003689
Textiles,6273.36,3514.79,5608.08,3045.75,4274.8,12382.14,7836.41,5431.59,4389.34,3631.64,5398.0,5831.48,2008.25,4594.82,51.661894684426734,105.97094311745875,-13.953606998482467,3.8918117821415326,39.73427625854124,-30.687776673247058,-21.297446972249375,7.486198184710384,26.9142207964621,-39.727307647458275,3.324522944471787,240.95174631846768,-64.55103883496713,6.199298930125274
Tourism,1993.24,2499.83,1119.41,872.82,1553.07,2400.0,1282.98,1357.3,2400.0,2026.77,1070.0,2189.22,828.2,1590.32,5.387587539241729,128.36781925253774,-46.31855672171941,4.617757009345802,14.612161763786274,5.792763721959807,14.423487806675015,2.3984752779977723,37.65908747924945,14.188158339499921,-18.923686810703128,18.41501502390503,0.0,8.528627030023062
a. agriculture and cooperation,0.0,0.0,0.0,0.0,10800.0,0.0,9217.0,9954.0,0.0,0.0,4107.07,0.0,0.0,0.0,0.0,0.0,0.0,-100.0,0.0,7.996094173809265,8.499095840867993,-100.0,0.0,0.0,0.0,0.0,0.0,0.0
a. agriculture cooperation and farmers welfare,0.0,0.0,0.0,0.0,0.0,0.0,0.0,0.0,0.0,0.0,0.0,0.0,0.0,12739.96,0.0,0.0,0.0,0.0,0.0,0.0,0.0,0.0,-100.0,0.0,0.0,0.0,0.0,0.0
aa. tourism,0.0,0.0,0.0,0.0,0.0,0.0,0.0,0.0,0.0,0.0,0.0,0.0,0.0,0.0,0.0,0.0,0.0,0.0,0.0,0.0,0.0,0.0,0.0,0.0,0.0,0.0,0.0,0.0
aa. urban development,0.0,0.0,0.0,0.0,0.0,0.0,0.0,0.0,0.0,0.0,0.0,0.0,0.0,6668.4,0.0,0.0,0.0,0.0,0.0,0.0,0.0,0.0,-100.0,0.0,0.0,0.0,0.0,0.0
agriculture and farmers welfare,0.0,0.0,0.0,0.0,0.0,124000.0,0.0,0.0,115531.79,0.0,0.0,0.0,0.0,0.0,0.0,0.0,0.0,0.0,0.0,0.0,0.0,0.0,0.0,0.0,0.0,0.0,-6.829201612903231,0.0
agriculture research and education,0.0,0.0,0.0,0.0,6320.0,0.0,5392.0,5729.17,0.0,0.0,0.0,0.0,0.0,6620.0,0.0,0.0,0.0,0.0,0.0,6.253152818991099,10.312663090814201,4.746835443037975,-100.0,0.0,0.0,0.0,0.0,0.0
agro and rural industries,1199.63,0.0,0.0,1054.63,0.0,0.0,0.0,0.0,0.0,0.0,0.0,0.0,946.63,0.0,11.40889259795275,13.74889771768298,-100.0,0.0,0.0,0.0,0.0,0.0,0.0,0.0,0.0,0.0,0.0,0.0
andaman and nicobar islands,1854.83,5164.26,2064.31,1977.93,3748.38,5703.65,2982.65,3192.7,0.0,5317.41,2689.23,4817.48,1675.59,4072.02,18.04379352944337,-6.223678289929378,44.98525471336997,-23.23787850053733,44.486535452524095,7.042395185489404,17.4047044820998,8.634129944135863,18.306884543789067,7.198369271901505,2.9655749323233076,7.263686644437796,-100.0,0.0
animal husbandry,0.0,0.0,1398.7,0.0,0.0,0.0,0.0,0.0,0.0,0.0,0.0,0.0,0.0,0.0,0.0,0.0,0.0,0.0,-100.0,0.0,0.0,0.0,0.0,0.0,0.0,0.0,0.0,0.0
"ayurveda, yoga and naturopathy, unani, siddha and homoeopathy",563.88,0.0,0.0,447.89,300.0,0.0,0.0,0.0,0.0,0.0,922.0,0.0,405.98,394.0,10.323168628996495,25.896983634374514,63.50996665957296,-100.0,0.0,0.0,0.0,31.333333333333336,-100.0,0.0,0.0,0.0,0.0,0.0
b. animal husbandry dairying and fisheries,955.0,0.0,0.0,819.86,0.0,0.0,0.0,0.0,0.0,0.0,0.0,0.0,0.0,540.23,0.0,16.48330202717537,-100.0,0.0,0.0,0.0,0.0,0.0,-100.0,0.0,0.0,0.0,0.0,0.0
b. doner,1300.0,0.0,0.0,1300.0,1798.0,0.0,1700.0,1780.0,0.0,0.0,1374.0,0.0,1046.5,1600.0,24.22360248447205,0.0,5.6923076923076925,-100.0,0.0,4.705882352941177,1.0112359550561798,-11.012235817575084,-100.0,0.0,0.0,0.0,0.0,0.0
b. finance,36808.2,0.0,0.0,29562.28,0.0,0.0,0.0,0.0,0.0,0.0,63946.59,0.0,26500.33,0.0,11.5543844170997,24.51069403307187,73.7291962117137,-100.0,0.0,0.0,0.0,0.0,0.0,0.0,0.0,0.0,0.0,0.0
bb. tribal affairs,0.0,0.0,0.0,0.0,3753.84,0.0,0.0,0.0,0.0,0.0,0.0,0.0,0.0,0.0,0.0,0.0,0.0,0.0,0.0,0.0,0.0,-100.0,0.0,0.0,0.0,0.0,0.0,0.0
bb. water resources river development and ganga rejuvenation,0.0,8960.39,0.0,0.0,4232.43,18967.88,0.0,0.0,20054.67,9022.57,0.0,8041.25,0.0,6192.07,0.0,0.0,0.0,0.0,0.0,0.0,0.0,46.30058855078523,29.86368048164831,11.430312451422346,0.6939430091770592,110.2270195742455,5.729633464572726,0.0
biotechnology,1389.4,2786.76,1222.0,534.6,1625.14,2581.0,1500.39,1502.06,2683.86,3502.37,1024.0,2580.34,458.6,1820.0,16.572176188399474,159.89524878413766,-26.29912192313229,19.3359375,22.781505728314247,0.1113043941908334,8.194080129954873,11.99035160047749,41.77692307692308,7.99972096700435,25.678924629318622,-26.307043516247568,3.9852770244091484,14.557904817557965
cabinet,0.0,1140.38,0.0,0.0,0.0,1711.04,0.0,0.0,1258.68,2098.04,0.0,828.85,0.0,0.0,0.0,0.0,0.0,0.0,0.0,0.0,0.0,0.0,0.0,37.58581166676721,83.9772707343166,-18.44578749690187,-26.437722087151666,0.0
capital outlay on defence services,0.0,113734.0,0.0,0.0,0.0,152369.61,0.0,0.0,162600.0,135060.72,0.0,103380.34,0.0,0.0,0.0,0.0,0.0,0.0,0.0,0.0,0.0,0.0,0.0,10.015115059594507,18.751402395062165,12.815635811803746,6.714193204274799,0.0
cc. urban development,0.0,0.0,0.0,0.0,6000.0,0.0,0.0,0.0,0.0,0.0,0.0,0.0,0.0,0.0,0.0,0.0,0.0,0.0,0.0,0.0,0.0,-100.0,0.0,0.0,0.0,0.0,0.0,0.0
cc. women and child development,0.0,0.0,0.0,0.0,0.0,0.0,0.0,0.0,0.0,0.0,0.0,0.0,0.0,14257.93,0.0,0.0,0.0,0.0,0.0,0.0,0.0,0.0,-100.0,0.0,0.0,0.0,0.0,0.0
central pool of resources for ne and sikkim,600.0,0.0,0.0,0.0,0.0,0.0,0.0,0.0,0.0,0.0,700.0,0.0,585.0,0.0,-100.0,0.0,16.666666666666664,-100.0,0.0,0.0,0.0,0.0,0.0,0.0,0.0,0.0,0.0,0.0
central pool of resources for ner and sikkim,0.0,0.0,0.0,700.0,0.0,0.0,0.0,0.0,0.0,0.0,0.0,0.0,0.0,0.0,0.0,-100.0,0.0,0.0,0.0,0.0,0.0,0.0,0.0,0.0,0.0,0.0,0.0,0.0
central vigilance commission,0.0,39.0,0.0,0.0,0.0,41.96,0.0,0.0,44.46,38.67,0.0,35.55,0.0,0.0,0.0,0.0,0.0,0.0,0.0,0.0,0.0,0.0,0.0,9.704641350210979,-0.8461538461538418,8.50788725109904,5.958055290753098,0.0
chandigarh,1104.91,4635.1,1920.89,1032.9,3457.16,0.0,2546.96,3074.32,0.0,4661.12,1772.56,4291.7,994.43,3544.54,3.8685478113090053,6.971633265562977,60.42573603279904,8.368122940831348,32.592704423470366,20.705468480070362,12.452835098493315,2.5275081280588725,21.07918093744181,8.001491250553407,0.5613686867597145,-100.0,0.0,0.0
chemicals and petro-chemicals,257.0,0.0,420.0,169.4,0.0,0.0,0.0,0.0,0.0,0.0,265.15,0.0,913.25,0.0,-81.45086230495482,51.71192443919716,3.171206225680925,58.40090514802944,-100.0,0.0,0.0,0.0,0.0,0.0,0.0,0.0,0.0,0.0
cooperation,0.0,0.0,0.0,0.0,0.0,900.0,0.0,0.0,1150.38,0.0,0.0,0.0,0.0,0.0,0.0,0.0,0.0,0.0,0.0,0.0,0.0,0.0,0.0,0.0,0.0,0.0,27.82000000000001,0.0
d. commerce,0.0,0.0,0.0,0.0,0.0,0.0,0.0,0.0,0.0,0.0,0.0,0.0,0.0,0.0,0.0,0.0,0.0,0.0,0.0,0.0,0.0,0.0,0.0,0.0,0.0,0.0,0.0,0.0
dadra and nagar haveli,131.88,0.0,287.02,121.5,892.9,0.0,716.56,796.98,0.0,0.0,247.13,1177.99,114.7,1060.84,5.928509154315603,8.543209876543207,87.39005156202609,16.14130214866669,149.65507630130304,11.22306575862455,12.035433762453255,18.808377197894494,11.043135628369981,-100.0,0.0,0.0,0.0,0.0
dadra and nagar haveli and daman and diu,0.0,2180.52,0.0,0.0,0.0,0.0,0.0,0.0,0.0,2204.59,0.0,0.0,0.0,0.0,0.0,0.0,0.0,0.0,0.0,0.0,0.0,0.0,0.0,0.0,1.1038651330875278,-100.0,0.0,0.0
daman and diu,130.67,0.0,269.18,121.89,879.82,0.0,683.2,758.71,0.0,0.0,239.09,821.48,115.52,766.72,5.514196675900282,7.203216014439237,82.97237315374609,12.585218955205155,153.80786091091466,11.052400468384073,15.962620764191854,-12.854902139073904,7.14211185308848,-100.0,0.0,0.0,0.0,0.0
dd. youth affairs and sports,0.0,0.0,0.0,0.0,0.0,0.0,0.0,0.0,0.0,0.0,0.0,0.0,0.0,0.0,0.0,0.0,0.0,0.0,0.0,0.0,0.0,0.0,0.0,0.0,0.0,0.0,0.0,0.0
defence,16695.83,14500.0,0.0,15123.84,63352.6,20100.0,44798.24,49673.79,22612.5,15257.34,24960.0,17065.12,13952.0,118465.84,8.39908256880734,10.394119482882665,49.498407686230614,-100.0,0.0,10.88335166738694,27.53727871378447,86.99444063858468,-85.59490229419721,-15.031362217200927,5.223034482758622,31.739870776950635,12.5,3.784309675206643
defence pensions,0.0,133825.0,0.0,0.0,0.0,119696.0,0.0,0.0,138205.0,115850.0,0.0,112079.57,0.0,0.0,0.0,0.0,0.0,0.0,0.0,0.0,0.0,0.0,0.0,19.401778575702952,-13.43172053054362,3.3198100992662924,15.463340462505013,0.0
department for promotion of industry and internal trade,0.0,6605.55,0.0,0.0,0.0,8348.0,0.0,0.0,8200.63,7782.24,0.0,0.0,0.0,0.0,0.0,0.0,0.0,0.0,0.0,0.0,0.0,0.0,0.0,0.0,17.813656697776864,7.269886305228318,-1.7653330138955532,0.0
development of north eastern region,93.07,3048.73,209.33,62.79,564.74,2800.0,229.33,250.97,5892.0,2658.0,101.47,3000.0,52.23,830.01,20.21826536473292,48.22423952858735,9.025464703986254,106.29742781117572,9.55429226580041,9.436183665460247,125.02291110491292,46.97205793816623,261.44142841652507,1.6243333333333339,-12.816156235547261,5.342362678705794,110.42857142857143,43.8376292439713
direct taxes,0.0,8063.39,0.0,0.0,0.0,9306.8,0.0,0.0,9890.87,8530.34,0.0,7336.44,0.0,0.0,0.0,0.0,0.0,0.0,0.0,0.0,0.0,0.0,0.0,9.908756835740506,5.790988653655594,9.102333552941607,6.2757338720075815,0.0
disinvestment,1655.0,0.0,63.36,3850.05,44.0,0.0,63.24,63.24,0.0,0.0,1138.78,0.0,6.7,40.0,57363.4328358209,-57.01354527863275,-31.19154078549849,-94.43615096858042,-0.18939393939393537,0.0,-30.423782416192285,-9.090909090909092,-100.0,0.0,0.0,0.0,0.0,0.0
drinking water and sanitation,0.0,21518.1,0.0,0.0,6238.87,67221.12,14005.24,15265.7,77223.0,60030.45,0.0,18216.34,0.0,14008.2,0.0,0.0,0.0,0.0,0.0,8.99991717385779,-59.13145155479278,124.53104488473075,30.040547679216452,18.125265558284475,178.9765360324564,11.978370976729307,14.879073719688108,0.0
drinking water supply,15123.48,0.0,10583.78,6001.7,0.0,0.0,0.0,0.0,0.0,0.0,9202.84,0.0,4751.42,0.0,26.313817763952663,151.98660379559124,-39.14866155144186,15.00558523238479,-100.0,0.0,0.0,0.0,0.0,0.0,0.0,0.0,0.0,0.0
e. electronics and information technology,0.0,0.0,0.0,0.0,0.0,0.0,0.0,0.0,0.0,0.0,0.0,0.0,0.0,0.0,0.0,0.0,0.0,0.0,0.0,0.0,0.0,0.0,0.0,0.0,0.0,0.0,0.0,0.0
earth sciences,887.0,2070.0,1302.0,0.0,1619.7,2653.51,1668.0,1690.0,3319.88,1897.13,1210.0,1901.76,0.0,1672.45,0.0,0.0,36.41488162344983,7.6033057851239665,28.110599078341014,1.3189448441247003,-4.1597633136094645,3.2567759461628696,13.71102275105384,8.846542150429077,-8.351207729468593,39.869697912109345,25.112775154418106,0.0
economic affairs,238019.66999999998,29308.27,288155.44,175249.79,598399.13,14540.26,500954.9,565803.27,0.0,61128.18,271657.55,14120.62,168199.94999999998,634212.4600000001,4.19134488446639,35.817378154918174,14.132395024327193,6.073046745801843,73.848843526952,12.944951731183785,5.760988267176325,5.984856629052932,-97.77351898762758,107.55653788573024,108.569731342041,-76.21349106091495,-100.0,0.0
ee. women and child development,11706.0,30007.1,11070.5,4852.94,10084.400000000001,25172.28,18584.0,20440.0,25448.75,24435.0,7428.0,29164.9,3931.11,3094.32,23.449610924141005,141.2146039308131,-36.54536135315223,49.03742595584276,67.86956325369225,9.987085665088248,-50.66340508806262,-69.31577486018008,842.5301843377543,2.887717770333507,-18.56927193897444,3.017311233885815,1.0983113170519363,15.450614991049093
election commission,0.0,270.0,0.0,12.5,80.0,260.0,72.17,68.5,340.0,249.16,21.0,286.68,11.85,121.52,5.485232067510552,-100.0,0.0,-100.0,0.0,-5.085215463488987,16.78832116788321,51.89999999999999,135.91178406846612,-5.818334030975306,-7.71851851851852,4.35061807673784,30.76923076923077,29.459947990436564
empowerment of persons with disabilities,0.0,1325.39,0.0,0.0,0.0,1212.42,0.0,0.0,1225.15,1171.77,0.0,1144.9,0.0,783.56,0.0,0.0,0.0,0.0,0.0,0.0,0.0,0.0,46.11516667517486,15.764695606603196,-11.59055070582999,3.4691108323305846,1.0499661833358092,0.0
expenditure,8635.5,535.55,17074.85,7998.36,29870.89,476.89,21350.95,22812.99,0.0,454.74,13269.67,400.55,7073.92,34961.38,13.068284628607612,7.965883006016237,53.66417694401019,28.67576963104582,25.043265387397266,6.847657832555464,30.938075193124607,17.041641544661033,-98.85430723844424,33.70365747097739,-15.089160675940613,4.870915248273733,-100.0,0.0
ff. youth affairs and sports,1560.0,2826.92,3565.0,669.0,1518.6299999999999,3062.6,1152.0,1219.0,3397.32,2596.14,3073.0,2216.92,506.99,1592.0,31.955265389849895,133.18385650224215,96.98717948717949,16.010413276928084,-67.68583450210379,5.815972222222222,24.579983593109095,4.831328236634343,39.253768844221106,27.515652346498744,-8.16365514411445,17.967443974516016,10.92927577875009,15.757464283617573
finance commission grants,0.0,149924.8,0.0,0.0,0.0,0.0,0.0,0.0,0.0,0.0,0.0,131902.22,0.0,0.0,0.0,0.0,0.0,0.0,0.0,0.0,0.0,0.0,0.0,13.663591105593209,-100.0,0.0,0.0,0.0
financial services#,0.0,11125.0,37609.1,0.0,24866.8,5313.73,24437.23,23369.39,1324.64,29510.79,23413.54,4690.19,0.0,31975.52,0.0,0.0,0.0,60.62970400887691,-35.023092815302675,-4.369726028686558,6.407569902338057,28.58719256197018,-85.33193518041303,137.1972137589309,165.26552808988765,-81.9939418768525,-75.07137171064393,0.0
fisheries,0.0,825.0,0.0,0.0,0.0,2118.47,0.0,0.0,2248.77,1220.84,0.0,0.0,0.0,0.0,0.0,0.0,0.0,0.0,0.0,0.0,0.0,0.0,0.0,0.0,47.98060606060605,73.52560532092657,6.150665338664234,0.0
g. environment forests and climate change,0.0,0.0,0.0,0.0,449.55,0.0,0.0,0.0,0.0,0.0,0.0,0.0,0.0,856.42,0.0,0.0,0.0,0.0,0.0,0.0,0.0,90.50606161717272,-100.0,0.0,0.0,0.0,0.0,0.0
g. grants from central pool of resources for north eastern region and sikkim,0.0,0.0,0.0,0.0,970.0,0.0,879.0,948.0,0.0,0.0,0.0,0.0,0.0,0.0,0.0,0.0,0.0,0.0,0.0,7.849829351535837,2.320675105485232,-100.0,0.0,0.0,0.0,0.0,0.0,0.0
h. north eastern region,600.0,0.0,0.0,600.0,0.0,0.0,821.0,832.0,0.0,0.0,624.0,0.0,461.5,0.0,30.01083423618635,0.0,4.0,-100.0,0.0,1.3398294762484775,-100.0,0.0,0.0,0.0,0.0,0.0,0.0,0.0
health research,0.0,2100.0,660.0,0.0,1018.17,3200.65,908.0,1008.0,2980.0,2663.0,606.0,1900.0,0.0,1144.8,0.0,0.0,0.0,8.91089108910891,37.57575757575757,11.013215859030836,1.0089285714285674,12.437019358260407,65.96785464709993,10.526315789473683,26.80952380952381,20.18963574915509,-6.893912174089641,0.0
heavy industries,0.0,0.0,0.0,0.0,0.0,3306.0,0.0,0.0,6171.63,0.0,0.0,0.0,0.0,0.0,0.0,0.0,0.0,0.0,0.0,0.0,0.0,0.0,0.0,0.0,0.0,0.0,86.67967332123412,0.0
hh. north eastern region,0.0,0.0,0.0,0.0,828.0,0.0,0.0,0.0,0.0,0.0,0.0,0.0,0.0,1600.0,0.0,0.0,0.0,0.0,0.0,0.0,0.0,93.23671497584542,-100.0,0.0,0.0,0.0,0.0,0.0
i. central sector,0.0,0.0,0.0,0.0,1567081.78,0.0,1356634.37,1524203.1,0.0,0.0,7808.15,0.0,0.0,1729508.48,0.0,0.0,0.0,-100.0,0.0,12.351797485419743,2.8131867728126214,10.36491535240745,-100.0,0.0,0.0,0.0,0.0,0.0
i. food processing industries,258.3,1232.94,409.72,173.7,0.0,2941.99,670.54,719.11,3287.65,1308.66,350.5,1196.6,186.55,0.0,-6.888233717502022,48.70466321243525,35.6949283778552,16.89586305278175,63.65810797617883,7.243415754466557,-100.0,0.0,0.0,3.03693799097444,6.1414180738722095,124.80934696559838,11.749190173997883,24.696166359651883
i. special package for bodoland territorial council,100.0,0.0,0.0,0.0,0.0,0.0,0.0,0.0,0.0,0.0,50.0,0.0,0.0,0.0,0.0,0.0,-50.0,-100.0,0.0,0.0,0.0,0.0,0.0,0.0,0.0,0.0,0.0,0.0
indian audit and accounts department,0.0,5054.73,0.0,0.0,0.0,5620.14,0.0,0.0,5806.13,5092.14,0.0,4672.78,0.0,0.0,0.0,0.0,0.0,0.0,0.0,0.0,0.0,0.0,0.0,8.173935002289854,0.7400988776848767,10.368921514333856,3.3093481657040535,0.0
indirect taxes,0.0,8258.0,0.0,0.0,0.0,41138.67,0.0,0.0,38510.08,21334.77,0.0,7900.0,0.0,0.0,0.0,0.0,0.0,0.0,0.0,0.0,0.0,0.0,0.0,4.531645569620253,158.3527488496004,92.8245300980512,-6.389584301096746,0.0
information and broadcasting,1681.84,4375.21,2604.18,1716.0,3711.11,3980.77,2737.32,3035.65,4692.0,4071.23,2568.0,4375.21,1603.0,4083.63,7.049282595134124,-1.9906759906759954,52.6899110498026,1.4088785046728909,5.112549823744915,10.89861616471585,22.250918254739513,10.03796707723565,7.140215935332043,0.0,-6.9477807922362596,-2.2219329293604155,17.866643890503596,8.612248912083164
interest payments,0.0,708203.16,0.0,0.0,0.0,940651.02,0.0,0.0,1079971.0,809701.32,0.0,665060.92,0.0,0.0,0.0,0.0,0.0,0.0,0.0,0.0,0.0,0.0,0.0,6.4869606230959995,14.331785811291764,16.172593123597736,14.811016736047335,0.0
investment and public asset management,0.0,132.11,0.0,0.0,0.0,290.42,0.0,0.0,94.92,110.52,0.0,47.08,0.0,0.0,0.0,0.0,0.0,0.0,0.0,0.0,0.0,0.0,0.0,180.60747663551408,-16.342441904473556,162.775968150561,-67.3163005302665,0.0
j. health and family welfare,0.0,0.0,0.0,0.0,18000.0,0.0,0.0,0.0,0.0,0.0,0.0,0.0,0.0,20510.59,0.0,0.0,0.0,0.0,0.0,0.0,0.0,13.947722222222222,-100.0,0.0,0.0,0.0,0.0,0.0
k. aids control,0.0,0.0,0.0,0.0,1357.0,0.0,1700.0,1785.0,0.0,0.0,0.0,0.0,0.0,0.0,0.0,0.0,0.0,0.0,0.0,5.0,-23.977591036414566,-100.0,0.0,0.0,0.0,0.0,0.0,0.0
l. home affairs,0.0,0.0,0.0,0.0,990.0,0.0,0.0,0.0,0.0,0.0,0.0,0.0,0.0,1813.11,0.0,0.0,0.0,0.0,0.0,0.0,0.0,83.14242424242423,-100.0,0.0,0.0,0.0,0.0,0.0
l. housing and urban poverty alleviation,509.75,0.0,1007.03,0.0,5169.47,0.0,1163.0,1468.02,0.0,0.0,857.97,0.0,0.0,5383.92,0.0,0.0,68.31191760666994,17.37356784036737,15.488118526756903,26.22699914015477,252.13893543684694,4.148394322822258,-100.0,0.0,0.0,0.0,0.0,0.0
labour and employment,1633.48,12065.49,2848.33,1481.36,5357.37,16893.68,4333.68,5081.2,13221.73,13306.5,2442.97,10434.09,1192.09,6242.6,24.265785301445362,10.268942053248376,49.556162303793116,16.592917637138406,52.14810081696996,17.24908161193257,5.435133433047314,16.523592733001465,67.14333771185082,15.635287792227206,10.285616249319341,26.958103182655098,-21.73564315175853,20.33252183811729
ladakh,0.0,5958.0,0.0,0.0,0.0,0.0,0.0,0.0,0.0,5958.0,0.0,0.0,0.0,0.0,0.0,0.0,0.0,0.0,0.0,0.0,0.0,0.0,0.0,0.0,0.0,-100.0,0.0,0.0
lakshadweep,444.58,1349.71,710.28,381.81,1059.99,0.0,806.55,927.61,0.0,1440.56,676.98,1276.74,241.04,1224.54,58.40109525389977,16.44011419292318,52.27405641279411,4.918904546663114,13.553809765163033,15.009608827723026,14.271083752870279,15.523731355956183,4.262825224165813,5.7153375001958135,6.73107556438049,-100.0,0.0,0.0
law and justice,817.0,2200.0,687.19,872.95,3460.65,3393.48,1535.62,1815.47,3975.43,2645.82,1678.0,3055.11,495.0,5025.0,76.35353535353536,-6.409301792771642,105.38555691554467,-59.04707985697259,123.46367089160199,18.2239095609591,90.62005981922037,45.20393567682371,-39.201791044776115,-27.989499559753988,20.264545454545463,28.258158151348155,17.149062319506815,17.381154807479238
lok sabha,0.0,811.1,0.0,0.0,0.0,800.0,0.0,0.0,822.0,855.0,0.0,809.13,0.0,0.0,0.0,0.0,0.0,0.0,0.0,0.0,0.0,0.0,0.0,0.2434713828433042,5.412402909628896,-6.432748538011696,2.75,0.0
"micro, small and medium enterprises",0.0,7572.2,2648.7,0.0,3007.42,21422.0,3155.66,3289.71,22137.95,15699.65,2033.45,7011.29,0.0,3464.77,0.0,0.0,0.0,30.25646069487815,19.13995544984332,4.247922780020668,-8.580999540992975,15.207387062665006,102.35946397596378,8.000096986431881,107.33274345632708,36.44890172710857,3.3421249183082846,0.0
mines,389.7,1701.4,566.14,495.02,1155.71,1508.0,698.44,991.08,1911.6,1466.82,590.0,1497.94,441.86,1213.49,12.030960032589501,-21.27590804411943,51.39851167564794,-4.044067796610172,23.368778040767314,41.89908939923257,16.61117165112806,4.9995241020671255,23.440654640746942,13.58265351082153,-13.787469143058667,2.8074337682878654,26.763925729442967,11.926189347843085
ministry/department,0.0,0.0,0.0,0.0,0.0,0.0,0.0,0.0,0.0,0.0,0.0,0.0,0.0,0.0,0.0,0.0,0.0,0.0,0.0,0.0,0.0,0.0,0.0,0.0,0.0,0.0,0.0,0.0
n. higher education,0.0,0.0,0.0,0.0,1060.0,0.0,0.0,0.0,0.0,0.0,0.0,0.0,0.0,1180.0,0.0,0.0,0.0,0.0,0.0,0.0,0.0,11.320754716981133,-100.0,0.0,0.0,0.0,0.0,0.0
n. school education and literacy,0.0,0.0,0.0,0.0,35781.5,0.0,0.0,0.0,0.0,0.0,0.0,0.0,0.0,34807.28,0.0,0.0,0.0,0.0,0.0,0.0,0.0,-2.722691893855767,-100.0,0.0,0.0,0.0,0.0,0.0
new and renewable energy,632.9,5753.0,1008.5,0.0,303.21,6900.68,1397.79,1533.55,10222.0,5753.0,628.0,5254.83,0.0,5035.79,0.0,0.0,-0.7742139358508418,60.589171974522294,38.600892414476945,9.712474692192675,-80.22822861986893,1560.8258302826425,4.3496650972339985,9.48023056882906,0.0,19.949243872762043,48.130329184949886,0.0
non-conventional energy sources,0.0,0.0,0.0,603.64,0.0,0.0,0.0,0.0,0.0,0.0,0.0,0.0,605.38,0.0,-0.2874227757771993,-100.0,0.0,0.0,0.0,0.0,0.0,0.0,0.0,0.0,0.0,0.0,0.0,0.0
ocean development,0.0,0.0,0.0,475.75,0.0,0.0,0.0,0.0,0.0,0.0,0.0,0.0,377.0,0.0,26.19363395225464,-100.0,0.0,0.0,0.0,0.0,0.0,0.0,0.0,0.0,0.0,0.0,0.0,0.0
other grants/loans/transfers,0.0,223426.74,0.0,0.0,0.0,0.0,0.0,0.0,0.0,0.0,0.0,145096.53,0.0,0.0,0.0,0.0,0.0,0.0,0.0,0.0,0.0,0.0,0.0,53.98489543478399,-100.0,0.0,0.0,0.0
overseas indian affairs,0.0,0.0,0.0,38.0,118.17,0.0,114.77,115.79,0.0,0.0,80.0,0.0,35.0,0.0,8.571428571428571,-100.0,0.0,-100.0,0.0,0.8887339897185766,2.0554452025218026,-100.0,0.0,0.0,0.0,0.0,0.0,0.0
parliamentary affairs,0.0,50.52,0.0,6.0,15.57,66.4,11.72,13.28,63.0,65.07,8.33,19.38,5.9,17.3,1.6949152542372818,-100.0,0.0,-100.0,0.0,13.310580204778145,17.243975903614466,11.111111111111112,12.023121387283227,160.68111455108362,28.800475059382403,2.043952666359325,-5.120481927710852,19.981559606167277
pensions,0.0,61169.35,0.0,0.0,0.0,65840.81,0.0,0.0,71701.0,55873.12,0.0,48565.0,0.0,0.0,0.0,0.0,0.0,0.0,0.0,0.0,0.0,0.0,0.0,25.953567383918458,-8.658306815423076,17.83986646888521,8.900543599023162,0.0
personnel,0.0,0.0,0.0,0.0,921.43,0.0,0.0,0.0,0.0,0.0,0.0,0.0,0.0,0.0,0.0,0.0,0.0,0.0,0.0,0.0,0.0,-100.0,0.0,0.0,0.0,0.0,0.0,0.0
"personnel, public grievances and pensions",366.0,1754.54,706.36,345.3,0.0,2337.18,894.67,1019.94,2207.74,2058.57,675.5,1629.59,304.0,1477.68,13.585526315789478,5.994787141615983,84.56284153005464,4.568467801628425,26.659210600826768,14.001810723507003,-100.0,0.0,10.28030426073303,7.667572825066431,17.328188585042245,13.534152348474896,-5.538298291102956,16.476010766749006
pharmaceuticals@,0.0,0.0,0.0,0.0,0.0,0.0,0.0,0.0,0.0,0.0,0.0,0.0,0.0,0.0,0.0,0.0,0.0,0.0,0.0,0.0,0.0,0.0,0.0,0.0,0.0,0.0,0.0,0.0
plan,0.0,0.0,0.0,0.0,0.0,0.0,0.0,0.0,0.0,0.0,0.0,0.0,0.0,0.0,0.0,0.0,0.0,0.0,0.0,0.0,0.0,0.0,0.0,0.0,0.0,0.0,0.0,0.0
planning,129.32,650.0,2059.32,123.83,2211.63,321.42,2177.03,8081.51,824.39,1062.77,519.0,363.4,106.8,293.14,15.945692883895132,4.433497536945809,301.33003402412623,296.7861271676301,5.715964493133657,271.21720876607117,-72.63345587643893,-86.74552253315429,23.968069864228696,78.86626307099615,63.50307692307692,-69.75639131703002,156.483728454981,17.023735928055594
police,0.0,105244.34,0.0,0.0,0.0,117687.99,0.0,0.0,0.0,103802.52,0.0,98202.23,0.0,0.0,0.0,0.0,0.0,0.0,0.0,0.0,0.0,0.0,0.0,7.171028600878006,-1.3699739102359256,13.376813973302381,-100.0,0.0
pondicherry,0.0,0.0,0.0,740.3,0.0,0.0,0.0,0.0,0.0,0.0,0.0,0.0,698.1,0.0,6.044979229336761,-100.0,0.0,0.0,0.0,0.0,0.0,0.0,0.0,0.0,0.0,0.0,0.0,0.0
ports shipping and waterways,0.0,0.0,0.0,0.0,0.0,1709.5,0.0,0.0,2218.74,1702.35,0.0,0.0,0.0,0.0,0.0,0.0,0.0,0.0,0.0,0.0,0.0,0.0,0.0,0.0,0.0,0.4200076365024872,29.788827142439295,0.0
president parliament union public service commission and the secretariat of the vice-president,0.0,0.0,670.17,430.07,1186.04,0.0,902.98,1033.53,0.0,0.0,686.06,0.0,378.74,1275.7,13.552833078101067,-100.0,0.0,-2.3161239541731025,34.73894683438532,14.45768455558262,14.75622381546738,7.559610131192884,-100.0,0.0,0.0,0.0,0.0,0.0
public enterprises,14.43,24.15,15.72,35.32,19.0,30.0,21.93,19.39,33.05,21.81,17.2,22.64,32.93,20.42,7.257819617370181,-59.14496036240091,19.196119196119195,-8.60465116279069,39.50381679389312,-11.582307341541263,-2.011346054667357,7.473684210526326,10.871694417237995,6.669611307420485,-9.68944099378882,37.55158184319121,10.166666666666657,0.02798445268239469
puducherry,642.32,0.0,745.89,0.0,1377.01,0.0,1205.0,1268.2,0.0,0.0,1028.59,0.0,0.0,1409.0,0.0,0.0,60.136691991530675,-27.484225979253146,61.55197147032404,5.244813278008302,8.579876991010876,2.323149432465996,-100.0,0.0,0.0,0.0,0.0,0.0
q. minority affairs,512.83,5029.0,2615.37,2.0,3726.11,5020.5,3154.7,3530.98,3097.6,4810.77,1756.5,4700.0,0.0,3815.75,0.0,25541.500000000004,242.51116354347445,48.896669513236546,20.62155641457996,11.927600088756465,5.526227846093723,2.4057260789402317,23.173688003669003,7.000000000000001,-4.339431298468872,4.359593162840866,-38.30096603923912,0.0
r. panchayati raj,4770.5,900.94,0.0,3825.73,0.0,868.57,5350.74,7000.7,1016.42,913.43,4780.71,871.37,50.44,0.0,7484.714512291832,24.69515621855175,0.2140236872445244,-100.0,0.0,30.836108650392287,-100.0,0.0,0.0,3.393506776684996,1.3863298332852236,-4.911159037912035,17.022231944460422,25.988418660009984
rajya sabha,0.0,436.29,0.0,0.0,0.0,430.96,0.0,0.0,484.41,446.5,0.0,401.04,0.0,0.0,0.0,0.0,0.0,0.0,0.0,0.0,0.0,0.0,0.0,8.789646918013165,2.340186573150881,-3.480403135498325,12.402543159457965,0.0
repayment of debt,0.0,0.0,0.0,0.0,0.0,0.0,0.0,0.0,0.0,0.0,0.0,0.0,0.0,0.0,0.0,0.0,0.0,0.0,0.0,0.0,0.0,0.0,0.0,0.0,0.0,0.0,0.0,0.0
revenue,0.0,136640.33,0.0,0.0,0.0,121231.29,0.0,0.0,146347.68,101235.38,0.0,102048.34,0.0,0.0,0.0,0.0,0.0,0.0,0.0,0.0,0.0,0.0,0.0,33.897650858406905,-25.911054225352046,19.751898990254187,20.717745393949038,0.0
s. road transport and highways,0.0,0.0,0.0,0.0,2868.0,0.0,2267.0,2267.0,0.0,0.0,1988.55,0.0,0.0,10833.0,0.0,0.0,0.0,-100.0,0.0,0.0,26.51080723423026,277.71966527196656,-100.0,0.0,0.0,0.0,0.0,0.0
scientific and industrial research,3804.0,5385.0,2988.0,1750.0,4031.0,5636.46,3484.0,3571.0,5746.51,5224.27,2691.0,4895.89,1557.0,4062.8,12.3956326268465,117.37142857142857,-29.258675078864353,11.036789297658862,16.599732262382865,2.4971297359357063,12.881545785494259,0.7888861324733363,20.5053165304716,9.990216283454073,-2.984772516248831,7.8899061495673,1.9524666191190958,10.566681076944672
secretariat of the vice-president,0.0,7.25,0.0,0.0,0.0,8.64,0.0,0.0,9.31,7.43,0.0,6.98,0.0,0.0,0.0,0.0,0.0,0.0,0.0,0.0,0.0,0.0,0.0,3.8681948424068704,2.4827586206896513,16.28532974427996,7.754629629629628,0.0
skill development and entrepreneurship,0.0,3002.21,0.0,0.0,1543.46,2999.0,0.0,0.0,3517.31,2785.23,0.0,2989.21,0.0,1804.28,0.0,0.0,0.0,0.0,0.0,0.0,0.0,16.898397107796765,65.67328795974018,0.4348975147279716,-7.227342524340403,7.675129163480214,17.282760920306767,0.0
small scale industries,1170.82,0.0,0.0,524.24,0.0,0.0,0.0,0.0,0.0,0.0,0.0,0.0,460.3,0.0,13.890940690853789,123.33663970700441,-100.0,0.0,0.0,0.0,0.0,0.0,0.0,0.0,0.0,0.0,0.0,0.0
staff household and allowances of the president,0.0,80.98,0.0,0.0,0.0,79.45,0.0,0.0,90.14,74.47,0.0,63.78,0.0,0.0,0.0,0.0,0.0,0.0,0.0,0.0,0.0,0.0,0.0,26.96770147381625,-8.03902198073599,6.687256613401376,13.455003146633098,0.0
supreme court of india,0.0,308.61,0.0,43.27,155.0,401.46,111.75,129.41,437.15,334.96,88.02,269.46,38.28,189.88,13.03552769070011,-100.0,0.0,-100.0,0.0,15.80313199105145,19.774360559462178,22.50322580645161,41.91068042974509,14.529058116232479,8.538284566281055,19.853116790064487,8.890051312708614,20.6030664431311
transfers to delhi,0.0,1116.0,0.0,0.0,0.0,0.0,0.0,0.0,0.0,957.51,0.0,1112.0,0.0,0.0,0.0,0.0,0.0,0.0,0.0,0.0,0.0,0.0,0.0,0.3597122302158274,-14.201612903225808,-100.0,0.0,0.0
transfers to jammu and kashmir,0.0,30757.0,0.0,0.0,0.0,0.0,0.0,0.0,0.0,30757.0,0.0,0.0,0.0,0.0,0.0,0.0,0.0,0.0,0.0,0.0,0.0,0.0,0.0,0.0,0.0,-100.0,0.0,0.0
transfers to puducherry,0.0,1703.02,0.0,0.0,0.0,0.0,0.0,0.0,0.0,1729.79,0.0,1545.0,0.0,0.0,0.0,0.0,0.0,0.0,0.0,0.0,0.0,0.0,0.0,10.227831715210355,1.571913424387264,-100.0,0.0,0.0
transfers to states,0.0,200447.45,0.0,0.0,0.0,334339.42,0.0,0.0,324641.41,293302.0,0.0,166883.45,0.0,0.0,0.0,0.0,0.0,0.0,0.0,0.0,0.0,0.0,0.0,20.112240009419747,46.32363744213258,13.991524094619193,-2.9006480898961926,0.0
tribal affairs,2247.37,7411.0,0.0,1667.46,1065.37,8451.92,4108.0,4295.9400000000005,12461.88,7524.87,3220.11,6526.96,1509.74,4826.5,10.446831904831297,34.778045650270464,43.28348247062122,-100.0,0.0,4.574975657254151,-75.20053818256308,353.03509578831773,35.23174142753548,13.54443722651893,1.5364997975981634,12.319814162902484,47.44436767030449,17.62887788244163
u. land resources,3007.56,2251.24,2665.8,1421.7,1632.5,2259.34,3208.2,5772.85,2419.23,2170.42,2405.64,2227.24,1399.44,1708.36,1.5906362545018,111.5467398185271,-20.01356581414835,10.814585723549671,20.346612649110945,79.94046505828815,-71.72107364646578,4.646860643185293,30.37298929967922,1.0775668540435697,-3.5900214992626163,4.096902903585485,7.076845450441273,4.300496331807446
u. rural development,27522.86,120147.19,66137.86,24047.56,71593.08,135944.29,73221.82,74477.65,157545.0,131519.08,62706.95,117647.19,18353.87,85969.45,31.021740918945174,14.45177805981147,127.83587897478677,5.471339301305523,10.710899929329445,1.7151035032999549,-3.8730679606566434,20.080669807752365,36.84767088773978,2.1249976306276417,9.46496543115156,3.3646905072632967,15.889383805675097,17.98350820258612
union public service commission,0.0,305.38,0.0,0.0,0.0,330.58,0.0,0.0,380.0,304.17,0.0,298.45,0.0,0.0,0.0,0.0,0.0,0.0,0.0,0.0,0.0,0.0,0.0,2.321996984419503,-0.39622765079572325,8.682644573758084,14.949482727327732,0.0
urban employment and poverty alleviation,0.0,0.0,0.0,431.67,0.0,0.0,0.0,0.0,0.0,0.0,0.0,0.0,0.0,0.0,0.0,-100.0,0.0,0.0,0.0,0.0,0.0,0.0,0.0,0.0,0.0,0.0,0.0,0.0
ut schemes,0.0,0.0,0.0,0.0,1816.0,0.0,0.0,0.0,0.0,0.0,0.0,0.0,0.0,1248.95,0.0,0.0,0.0,0.0,0.0,0.0,0.0,-31.225220264317176,-100.0,0.0,0.0,0.0,0.0,0.0
v. social justice and empowerment,4118.3,10103.57,4574.0,1817.6,6514.82,11922.51,6008.3,6725.32,12847.02,10517.62,2585.0,7800.0,1599.7,6551.450000000001,13.621303994498959,126.57900528169017,-37.23138188087318,76.94390715667312,31.357673808482733,11.933824875588762,-3.1299625891407397,0.5622565166804457,19.057613200131254,29.532948717948713,4.098056429559068,13.357489622176875,7.754323544287237,17.380841773998014
water resources,1743.52,0.0,1105.0,961.51,0.0,0.0,2041.0,2076.55,0.0,0.0,1003.0,0.0,874.56,0.0,9.942142334431034,81.33144741084337,-42.47269890795632,10.16949152542373,84.70588235294117,1.7417932386085342,-100.0,0.0,0.0,0.0,0.0,0.0,0.0,0.0
x. disability affairs,0.0,0.0,0.0,0.0,636.94,0.0,0.0,0.0,0.0,0.0,0.0,0.0,0.0,0.0,0.0,0.0,0.0,0.0,0.0,0.0,0.0,-100.0,0.0,0.0,0.0,0.0,0.0,0.0
y. statistics and programme implementation,2127.08,5444.0,0.0,1816.57,4826.87,5398.08,4943.54,4951.68,5443.4,1409.13,2115.27,5231.06,1839.99,4752.83,-1.2728330045272025,17.093203124569932,-0.5552212422663908,-100.0,0.0,0.16465933319039247,-2.5205586790745844,-1.5339132812775147,10.062005163239595,4.070685482483466,-74.11590742101396,283.07892103638414,0.8395577686881208,8.701361459346725
z. textiles,0.0,0.0,0.0,0.0,0.0,0.0,0.0,0.0,0.0,0.0,0.0,0.0,0.0,0.0,0.0,0.0,0.0,0.0,0.0,0.0,0.0,0.0,0.0,0.0,0.0,0.0,0.0,0.0
