Ministry/Demand,Revenue,Capital,Total,Page No
MINISTRY OF AGRICULTURE AND FARMERS' WELFARE,131475.19,56.00,131531.19,
"1.    Department of Agriculture, Cooperation and Farmers' Welfare",122961.57,56.00,123017.57,1-5
2.    Department of Agricultural Research and Education,8513.62,...,8513.62,6-8
DEPARTMENT OF ATOMIC ENERGY,8389.12,9875.77,18264.89,
3.    Atomic Energy,8389.12,9875.77,18264.89,9-14
"MINISTRY OF AYURVEDA, YOGA AND NATUROPATHY, UNANI, SIDDHA AND HOMOEOPATHY (AYUSH)",2970.30,...,2970.30,
"4.    Ministry of Ayurveda, Yoga and Naturopathy, Unani, Siddha and Homoeopathy (AYUSH)",2970.30,...,2970.30,15-18
MINISTRY OF CHEMICALS AND FERTILISERS,80257.70,457.24,80714.94,
5.    Department of Chemicals and Petrochemicals,229.64,3.50,233.14,19-21
6.    Department of Fertilisers,79566.77,444.62,80011.39,22-24
7.    Department of Pharmaceuticals,461.29,9.12,470.41,25-27
MINISTRY OF CIVIL AVIATION,3184.15,40.52,3224.67,
8.    Ministry of Civil Aviation,3184.15,40.52,3224.67,28-30
MINISTRY OF COAL,534.88,...,534.88,
9.    Ministry of Coal,534.88,...,534.88,31-32
MINISTRY OF COMMERCE AND INDUSTRY,11269.67,1498.58,12768.25,
10.    Department of Commerce,4699.01,287.00,4986.01,33-37
11.    Department for Promotion of Industry and Internal Trade,6570.66,1211.58,7782.24,38-43
MINISTRY OF COMMUNICATIONS,48421.57,26843.65,75265.22,
12.    Department of Posts,15618.13,910.09,16528.22,44-45
13.    Department of Telecommunications,32803.44,25933.56,58737.00,46-50
"MINISTRY OF CONSUMER AFFAIRS, FOOD AND PUBLIC DISTRIBUTION",254176.39,2772.01,256948.40,
14.    Department of Consumer Affairs,2928.05,46.05,2974.10,51-53
15.    Department of Food and Public Distribution,251248.34,2725.96,253974.30,54-58
MINISTRY OF CORPORATE AFFAIRS,661.13,51.00,712.13,
16.    Ministry of Corporate Affairs,661.13,51.00,712.13,59-61
MINISTRY OF CULTURE,2609.23,78.76,2687.99,
17.    Ministry of Culture,2609.23,78.76,2687.99,62-64
MINISTRY OF DEFENCE,337961.49,140234.13,478195.62,
18.    Ministry of Defence (Civil),10083.93,5173.41,15257.34,65-68
19.    Defence Services (Revenue),212027.56,...,212027.56,69-71
20.    Capital Outlay on Defence Services,...,135060.72,135060.72,72-73
21.    Defence Pensions,115850.00,...,115850.00,74-74
MINISTRY OF DEVELOPMENT  OF NORTH EASTERN REGION,2031.51,626.49,2658.00,
22.    Ministry of Development of North Eastern Region,2031.51,626.49,2658.00,75-78
MINISTRY OF EARTH SCIENCES,1734.13,163.00,1897.13,
23.    Ministry of Earth Sciences,1734.13,163.00,1897.13,79-81
MINISTRY OF EDUCATION,93198.81,25.50,93224.31,
24.    Department of School Education and Literacy,54873.66,...,54873.66,82-86
25.    Department of Higher Education,38325.15,25.50,38350.65,87-98
MINISTRY OF ELECTRONICS AND INFORMATION TECHNOLOGY,9274.66,446.00,9720.66,
26.    Ministry of Electronics and Information Technology,9274.66,446.00,9720.66,99-102
"MINISTRY OF ENVIRONMENT, FORESTS AND CLIMATE CHANGE",2747.45,122.48,2869.93,
"27.    Ministry of Environment, Forests and Climate Change",2747.45,122.48,2869.93,103-107
MINISTRY OF EXTERNAL AFFAIRS,16663.98,1490.75,18154.73,
28.    Ministry of External Affairs,16663.98,1490.75,18154.73,108-110
MINISTRY OF FINANCE,1289857.68,96415.62,1386273.30,
29.    Department of Economic Affairs,4520.78,56607.40,61128.18,111-118
30.    Department of Expenditure,454.74,...,454.74,119-120
31.    Department of Financial Services,3710.77,25800.02,29510.79,121-126
32.    Department of Investment and Public Asset Management (DIPAM),110.52,...,110.52,127-127
33.    Department of Revenue,101222.36,13.02,101235.38,128-131
34.    Direct Taxes,8180.34,350.00,8530.34,132-133
35.    Indirect Taxes,20882.77,452.00,21334.77,134-135
36.    Indian Audit and Accounts Department,5067.19,24.95,5092.14,136-137
37.    Interest Payments,809701.32,...,809701.32,138-139
38.    Repayment of Debt,...,...,...,140-141
39.    Pensions,55873.12,...,55873.12,142-143
40.    Transfers to States,280133.77,13168.23,293302.00,144-146
"MINISTRY OF FISHERIES, ANIMAL HUSBANDRY AND DAIRYING",4249.75,73.07,4322.82,
41.    Department of Fisheries,1192.16,28.68,1220.84,147-148
42.    Department of Animal Husbandry and Dairying,3057.59,44.39,3101.98,149-152
MINISTRY OF FOOD PROCESSING INDUSTRIES,1308.66,...,1308.66,
43.    Ministry of Food Processing Industries,1308.66,...,1308.66,153-154
MINISTRY OF HEALTH AND FAMILY WELFARE,71423.03,2508.74,73931.77,
44.    Department of Health and Family Welfare,68760.03,2508.74,71268.77,155-164
45.    Department of Health Research,2663.00,...,2663.00,165-166
MINISTRY OF HEAVY INDUSTRIES AND PUBLIC ENTERPRISES,949.66,67.42,1017.08,
46.    Department of Heavy Industry,927.85,67.42,995.27,167-169
47.    Department of Public Enterprises,21.81,...,21.81,170-171
MINISTRY OF HOME AFFAIRS,150622.34,15924.60,166546.94,
48.    Ministry of Home Affairs,7333.41,286.99,7620.40,172-175
49.    Cabinet,1961.04,137.00,2098.04,176-177
50.    Police,94086.59,9715.93,103802.52,178-181
51.    Andaman and Nicobar Islands,4651.24,666.17,5317.41,182-185
52.    Chandigarh,4162.67,498.45,4661.12,186-188
53.    Dadra and Nagar Haveli  and Daman and Diu,1439.76,764.83,2204.59,189-195
54.    Ladakh,2331.64,3626.36,5958.00,196-198
55.    Lakshadweep,1211.71,228.85,1440.56,199-201
56.    Transfers to Delhi,957.50,0.01,957.51,202-202
57.    Transfers to Jammu and Kashmir,30757.00,...,30757.00,203-203
58.    Transfers to Puducherry,1729.78,0.01,1729.79,204-204
MINISTRY OF HOUSING AND URBAN AFFAIRS,28821.99,25759.01,54581.00,
59.    Ministry of Housing and Urban Affairs,28821.99,25759.01,54581.00,205-211
MINISTRY OF INFORMATION AND BROADCASTING,4058.61,12.62,4071.23,
60.    Ministry of Information and Broadcasting,4058.61,12.62,4071.23,212-216
MINISTRY OF JAL SHAKTI,68731.25,321.77,69053.02,
"61.    Department of Water Resources, River Development and Ganga Rejuvenation",8700.80,321.77,9022.57,217-223
62.    Department of Drinking Water and Sanitation,60030.45,...,60030.45,224-226
MINISTRY OF LABOUR AND EMPLOYMENT,13269.37,37.13,13306.50,
63.    Ministry of Labour and Employment,13269.37,37.13,13306.50,227-231
MINISTRY OF LAW AND JUSTICE,2122.94,1107.00,3229.94,
64.    Law and Justice,1545.82,1100.00,2645.82,232-234
65.    Election Commission,242.16,7.00,249.16,235-235
66.    Supreme Court of India,334.96,...,334.96,236-236
"MINISTRY OF MICRO, SMALL AND MEDIUM ENTERPRISES",15329.65,370.00,15699.65,
"67.    Ministry of Micro, Small and Medium Enterprises",15329.65,370.00,15699.65,237-242
MINISTRY OF MINES,1398.49,68.33,1466.82,
68.    Ministry of Mines,1398.49,68.33,1466.82,243-245
MINISTRY OF MINORITY AFFAIRS,4657.75,153.02,4810.77,
69.    Ministry of Minority Affairs,4657.75,153.02,4810.77,246-250
MINISTRY OF NEW AND RENEWABLE ENERGY,5743.00,10.00,5753.00,
70.    Ministry of New and Renewable Energy,5743.00,10.00,5753.00,251-254
MINISTRY OF PANCHAYATI RAJ,913.43,...,913.43,
71.    Ministry of Panchayati Raj,913.43,...,913.43,255-257
MINISTRY OF PARLIAMENTARY AFFAIRS,65.07,...,65.07,
72.    Ministry of Parliamentary Affairs,65.07,...,65.07,258-258
"MINISTRY OF PERSONNEL, PUBLIC GRIEVANCES AND PENSIONS",1898.88,198.36,2097.24,
"73.    Ministry of Personnel, Public Grievances and Pensions",1860.21,198.36,2058.57,259-261
74.    Central Vigilance Commission,38.67,...,38.67,262-262
MINISTRY OF PETROLEUM AND NATURAL GAS,15516.78,427.00,15943.78,
75.    Ministry of Petroleum and Natural Gas,15516.78,427.00,15943.78,263-267
MINISTRY OF PLANNING,1061.99,0.78,1062.77,
76.    Ministry of Planning,1061.99,0.78,1062.77,268-269
"MINISTRY OF PORTS, SHIPPING AND WATERWAYS",1519.35,183.00,1702.35,
"77.    Ministry of Ports, Shipping and Waterways",1519.35,183.00,1702.35,270-273
MINISTRY OF POWER,13757.03,1564.97,15322.00,
78.    Ministry of Power,13757.03,1564.97,15322.00,274-279
"THE PRESIDENT, PARLIAMENT, UNION PUBLIC SERVICE COMMISSION AND THE SECRETARIAT  OF THE VICE PRESIDENT
79.    Staff, Household and Allowances of the President","1687.57
74.47","...
...","1687.57
74.47",280-280
80.    Lok Sabha,855.00,...,855.00,281-282
81.    Rajya Sabha,446.50,...,446.50,283-284
82.    Secretariat of the Vice-President,7.43,...,7.43,285-285
83.    Union Public Service Commission,304.17,...,304.17,286-286
MINISTRY OF RAILWAYS,2954.64,107100.00,110054.64,
84.    Ministry of Railways,2954.64,107100.00,110054.64,287-291
MINISTRY OF ROAD TRANSPORT AND HIGHWAYS,9870.89,108230.11,118101.00,
85.    Ministry of Road Transport and Highways,9870.89,108230.11,118101.00,292-295
MINISTRY OF RURAL DEVELOPMENT,133689.50,...,133689.50,
86.    Department of Rural Development,131519.08,...,131519.08,296-301
87.    Department of Land Resources,2170.42,...,2170.42,302-303
MINISTRY OF SCIENCE AND TECHNOLOGY,14649.88,144.15,14794.03,
88.    Department of Science and Technology,5945.39,122.00,6067.39,304-306
89.    Department of Biotechnology,3502.37,...,3502.37,307-308
90.    Department of Scientific and Industrial Research,5202.12,22.15,5224.27,309-311
MINISTRY OF SKILL DEVELOPMENT AND ENTREPRENEURSHIP,2711.53,73.70,2785.23,
91.    Ministry of Skill Development and Entrepreneurship,2711.53,73.70,2785.23,312-314
MINISTRY OF SOCIAL JUSTICE AND EMPOWERMENT,11319.38,370.01,11689.39,
92.    Department of Social Justice and Empowerment,10147.62,370.00,10517.62,315-322
93.    Department of Empowerment of Persons with Disabilities,1171.76,0.01,1171.77,323-325
DEPARMENT OF SPACE,5720.46,8228.63,13949.09,
94.    Department of Space,5720.46,8228.63,13949.09,326-328
MINISTRY OF STATISTICS AND PROGRAMME IMPLEMENTATION,1396.09,13.04,1409.13,
95.    Ministry of Statistics and Programme Implementation,1396.09,13.04,1409.13,329-330
MINISTRY OF STEEL,39.25,...,39.25,
96.    Ministry of Steel,39.25,...,39.25,331-332
MINISTRY OF TEXTILES,3591.61,40.03,3631.64,
97.    Ministry of Textiles,3591.61,40.03,3631.64,333-338
MINISTRY OF TOURISM,2026.77,...,2026.77,
98.    Ministry of Tourism,2026.77,...,2026.77,339-342
MINISTRY OF TRIBAL AFFAIRS,7524.85,0.02,7524.87,
99.    Ministry of Tribal Affairs,7524.85,0.02,7524.87,343-346
MINISTRY OF WOMEN AND CHILD DEVELOPMENT,24430.00,5.00,24435.00,
100.    Ministry of Women and Child Development,24430.00,5.00,24435.00,347-351
MINISTRY OF YOUTH AFFAIRS AND SPORTS,2549.41,46.73,2596.14,
101.    Ministry of Youth Affairs and Sports,2549.41,46.73,2596.14,352-354
GRAND TOTAL,2928999.89,554235.74,3483235.63,