Base_Ministry,Fiscal_Year,Year_End,Actual_Budget,Linear_Prediction,Ridge_Prediction,Lasso_Prediction,RF_Prediction,GBM_Prediction,HGB_Prediction,MLP_Prediction
Agricultural Research and Education,15-16,2016,6320.0,5236.727050284177,5419.597768195273,4087.3533607377544,4559.655626557276,4472.318215468689,4087.3533607377544,10105.418801700796
Agricultural Research and Education,16-17,2017,6620.0,6677.427413251888,6191.852531732139,4349.932388182591,5476.653952971489,5985.752716006618,4349.932388182591,4551.138069285137
Agricultural Research and Education,17-18,2018,6800.0,7593.442479192565,6912.36458933693,4584.376398087637,6017.641906158099,6294.6232912138075,4584.376398087637,4930.694235609964
Agricultural Research and Education,18-19,2019,7800.0,8482.187613890614,6533.689594485101,4789.677845217349,5619.128744443833,6473.674505375841,4789.677845217349,5230.231675766244
Agricultural Research and Education,19-20,2020,8078.76,1959.8498203745187,5206.834055493331,5029.049955859419,6486.786520704694,6508.717525779642,5029.049955859419,242.9901066521037
Agricultural Research and Education,20-21,2021,8362.58,16076.268613168477,12285.188965334932,5250.504809746562,7022.277156046491,7670.394203300469,5250.504809746562,6087.117318226614
Agricultural Research and Education,21-22,2022,8513.62,12012.079660656822,8232.130604321457,5458.163962194742,7125.93990469712,7723.428615801978,5458.163962194742,87867.61013106171
Agricultural Research and Education,22-23,2023,8513.62,11531.8352510876,9272.464780311611,5648.048485225657,7938.997742681263,8422.397490852147,5648.048485225657,44956.36637109423
Agricultural Research and Education,23-24,2024,9504.0,11760.879734316568,9087.53714097879,5816.054826998292,7925.73846683284,8413.136241630953,5816.054826998292,49932.298748964604
Agriculture and Cooperation,15-16,2016,6203.85,1552.978719283766,4643.902718825546,3460.4297639715987,1586.4655923441503,3008.990128972223,3928.7282320250315,8050.060637479709
Agriculture and Cooperation,16-17,2017,23228.83,4179.324956541503,4762.926476588562,4465.408472219511,5813.190615109662,9259.456233679499,4193.700063955133,8798.142619964025
Agriculture and Cooperation,17-18,2018,41855.0,34676.299870762734,26116.56258418275,6823.859538683259,11628.22708384061,15544.540101613336,5194.400747713989,4036.2582799889383
Agriculture and Cooperation,18-19,2019,46700.0,74884.78537146805,56481.80130393414,10359.317553348807,13864.363903402374,4403.491681504447,6549.902368286335,3556.8636407919316
Agriculture and Cooperation,19-20,2020,129585.21,-0.8088668300983188,321.29507797396786,16719.495529722557,6356.462939925441,1322.2068347674754,7971.667133638946,791.2028079431805
Agriculture and Cooperation,20-21,2021,134399.77,55555.858308672185,5462636.848712249,28004.23513271352,30836.277032110844,48350.196618048685,10271.83859549876,5801377.032091875
Agriculture and Cooperation,21-22,2022,123017.57,32985.787751723656,404318.23952194833,40517.718169958105,38875.567842003176,78603.13690962183,12726.694397230323,1577429.6057724096
Agriculture and Cooperation,22-23,2023,900.0,275787.06184003473,224914.54234935064,51363.2580798654,87698.89722655735,113435.55181969047,15153.302942729819,876112.0802488232
Agriculture and Cooperation,23-24,2024,1150.38,-0.9999964450208507,21247.79206926923,16775.87751851358,22227.062872158003,57753.508273381056,12386.339024336678,48953.697476313064
Andaman & Nicobar Islands,15-16,2016,3748.38,3539.339068953786,3173.16408409949,2519.530833527329,2778.082327559838,3127.7440499231693,2519.530833527329,11103.545376180104
Andaman & Nicobar Islands,16-17,2017,4072.02,3580.9717191273216,3544.644777918936,2666.6584271540696,3259.627738144569,3519.1256098709578,2666.6584271540696,3969.976875959962
Andaman & Nicobar Islands,17-18,2018,4158.28,4675.078941765909,4000.3003170815264,2811.571106934047,3516.8755881005004,3834.737758847268,2811.571106934047,4117.339510693122
Andaman & Nicobar Islands,18-19,2019,4523.86,4448.02032394084,3996.5517367939096,2936.534096265992,3612.6087785590003,3979.485564996187,2936.534096265992,3357.674158943228
Andaman & Nicobar Islands,19-20,2020,4817.48,2550.9342402037296,3329.203571000677,3066.2214962814965,3733.5670999968847,4126.661945960919,3066.2214962814965,304.2529808830395
Andaman & Nicobar Islands,20-21,2021,5164.26,7161.846216481387,5717.564581188095,3194.790592132097,4184.478143470921,4371.136074819772,3194.790592132097,6491.167781332646
Andaman & Nicobar Islands,21-22,2022,5317.41,6017.9156808583775,4477.859455024785,3325.246802163117,4177.808769673901,4820.258302397328,3325.246802163117,65990.62223946713
Andaman & Nicobar Islands,22-23,2023,5703.65,5452.277937585684,5516.032420092817,3447.5259351851764,4847.920687770533,5167.544567947019,3447.5259351851764,43875.46368540925
Andaman & Nicobar Islands,23-24,2024,192.32,3274.8799293840325,4604.804466419795,3573.7647051199383,5134.310758607527,5216.9454427586315,3573.7647051199383,1221.3242004336046
Animal Husbandry and Dairying,15-16,2016,1227.43,1866.1720270728129,2202.2192727216475,1504.360918823153,1731.5284443843746,1675.6453459399183,1504.360918823153,337.9394462129862
Animal Husbandry and Dairying,16-17,2017,1339.51,1179.3435935001598,1349.827667592545,1461.270598995039,1384.4265551664673,1250.6121869788487,1461.270598995039,3282.0389821360536
Animal Husbandry and Dairying,17-18,2018,2371.0,1758.0529617519367,1513.6114775438475,1445.465357124266,1708.0838393729434,1907.482029639497,1445.465357124266,3316.252523125183
Animal Husbandry and Dairying,18-19,2019,3100.0,2289.918464078463,1894.8210111355547,1527.183274223043,2036.8922406300003,2147.810033062155,1527.183274223043,1179.2013771517845
Animal Husbandry and Dairying,19-20,2020,3100.0,3098.220219328695,2574.870593881432,1639.2425523672691,2352.7824111483133,2594.3212983597405,1639.2425523672691,102.31308492531436
Animal Husbandry and Dairying,20-21,2021,3289.13,14297.55886438402,4721.120129259781,1737.0127398545644,2491.416733613059,2454.242484426451,1737.0127398545644,3740.6545728516544
Animal Husbandry and Dairying,21-22,2022,3101.98,7289.054424945085,2519.0456784217304,1831.9458323439871,1819.1826477195932,1348.0693601661299,1831.9458323439871,25122.24036587807
Animal Husbandry and Dairying,22-23,2023,3918.84,2469.3008427180707,3078.7049855459804,1907.6948579715981,2562.627867126189,3171.178564235209,1907.6948579715981,28011.656020914153
Animal Husbandry and Dairying,23-24,2024,4327.85,5228.154713904583,3520.318869652807,2008.3713520036702,2976.190127028984,3290.2063583204867,2008.3713520036702,11310.956455235422
Atomic Energy,15-16,2016,10912.0,9230.378829527068,9196.494266089268,8373.575607296967,8522.899450674146,8980.712493595305,8373.575607296967,29458.84730245107
Atomic Energy,16-17,2017,11682.48,12050.633542168403,10797.545450375748,8696.385391129666,9840.70563766535,10067.178208630707,8696.385391129666,12408.477729115355
Atomic Energy,17-18,2018,12461.2,12519.6982763168,11636.122793681701,9023.261107965005,10630.458888204037,10837.957339842009,9023.261107965005,14244.63384587825
Atomic Energy,18-19,2019,13971.41,11314.049835105176,11605.392815043706,9352.788562949718,10413.097304658422,11703.753637284499,9352.788562949718,12560.162429353453
Atomic Energy,19-20,2020,16725.51,15081.223345707205,10443.505139912684,9735.792747358098,11047.453797251104,12519.248917112409,9735.792747358098,1587.1051698040155
Atomic Energy,20-21,2021,18228.94,20102.481458291633,17403.73651899046,10226.714569619537,12695.852027914445,13107.204553037767,10226.714569619537,23601.531238724012
Atomic Energy,21-22,2022,18264.89,15161.626176900281,15591.415066582316,10731.374517274518,13878.032662727699,13657.278754389828,10731.374517274518,176154.3335232179
Atomic Energy,22-23,2023,22723.58,27391.412217516,18333.276727274104,11179.48957098476,16262.585645851635,17897.809632388282,11179.48957098476,524262.04308062827
Atomic Energy,23-24,2024,25078.49,30878.80104563496,21550.993390285694,11760.516549803853,19420.258910239656,20114.23769894163,11760.516549803853,90532.5084824405
"Ayurveda, Yoga & Naturopathy, Unani, Siddha and Homoeopathy(AYUSH)",15-16,2016,896.0,1183.8155835552395,1182.4390308311445,965.2723977825628,1046.1959798231132,1087.5524449387117,965.2723977825628,1274.0801887013658
"Ayurveda, Yoga & Naturopathy, Unani, Siddha and Homoeopathy(AYUSH)",16-17,2017,926.2,855.0874352145559,920.7157167844126,955.0580649920759,990.135696585891,914.5792639547452,955.0580649920759,1696.7137266130928
"Ayurveda, Yoga & Naturopathy, Unani, Siddha and Homoeopathy(AYUSH)",17-18,2018,1428.65,936.2851248296845,921.9250926611574,951.4022519106113,1033.1197429867377,1147.5142961652605,951.4022519106113,1729.2263741072425
"Ayurveda, Yoga & Naturopathy, Unani, Siddha and Homoeopathy(AYUSH)",18-19,2019,1626.37,1396.199388544088,1140.4086138838402,995.371848788489,1180.9193243207353,950.4427489194547,995.371848788489,727.8725780371992
"Ayurveda, Yoga & Naturopathy, Unani, Siddha and Homoeopathy(AYUSH)",19-20,2020,1739.76,858.6699772566863,1187.8722492883894,1045.472775187967,1291.5093474567745,1436.8457287172166,1045.472775187967,86.82146835014213
"Ayurveda, Yoga & Naturopathy, Unani, Siddha and Homoeopathy(AYUSH)",20-21,2021,2122.08,3266.9103279611313,2643.0402411822274,1095.0234347482735,1399.9594664446918,1494.7235676433654,1095.0234347482735,2537.708731960501
"Ayurveda, Yoga & Naturopathy, Unani, Siddha and Homoeopathy(AYUSH)",21-22,2022,2970.3,4605.405497051524,1881.52102448003,1157.107080266016,1342.2371530041833,1560.235695966824,1157.107080266016,23109.232144815065
"Ayurveda, Yoga & Naturopathy, Unani, Siddha and Homoeopathy(AYUSH)",22-23,2023,3050.0,3231.6174158449526,2773.9810847101367,1244.160885189563,1995.2590668401283,2246.7261642974286,1244.160885189563,8365.224740596366
"Ayurveda, Yoga & Naturopathy, Unani, Siddha and Homoeopathy(AYUSH)",23-24,2024,3647.5,2637.341448447932,3333.891085431409,1326.475960512118,2479.6189282759906,2969.4486190046186,1326.475960512118,11964.474094708141
Biotechnology,15-16,2016,1625.14,1195.4441802334431,1359.915955666763,1186.9304274820097,1280.8223677600054,1443.6258753437362,1186.9304274820097,2985.468376408695
Biotechnology,16-17,2017,1820.0,1754.2785673012918,1573.6492747223538,1241.4301902100478,1459.2632040290332,1543.7987496429091,1241.4301902100478,1725.2921448265413
Biotechnology,17-18,2018,2222.11,2037.6135162571723,1764.019788764617,1302.2470173035308,1552.8505827912993,1759.2985433243064,1302.2470173035308,1758.8756062936359
Biotechnology,18-19,2019,2411.53,2159.4802515100246,1982.9048278817904,1381.9204782989711,1867.8467357025052,2043.579993454774,1381.9204782989711,973.7061390432384
Biotechnology,19-20,2020,2580.34,1720.8828306514797,1519.9013472299257,1461.0585309637536,1961.7282535146376,2232.6462850422145,1461.0585309637536,106.55523070768618
Biotechnology,20-21,2021,2786.76,2329.3472438534154,3397.857765421836,1538.6018938626885,2028.0472120749548,2145.46510340289,1538.6018938626885,1744.1295609993197
Biotechnology,21-22,2022,3502.37,5461.192290817965,2438.8091410483016,1616.6914202186185,2084.2438174863196,2265.7294122123712,1616.6914202186185,37389.88550052196
Biotechnology,22-23,2023,2581.0,3674.4890182449158,3654.6377417574727,1715.7629120454408,2741.1318220806793,3097.0116308885617,1715.7629120454408,4385.375764531614
Biotechnology,23-24,2024,2683.86,5481.6016414388005,3151.803805808698,1766.5460812889821,2745.972421166585,2687.360442280938,1766.5460812889821,14321.722335962846
Chemicals and Petro-Chemicals,15-16,2016,255.18,1040.740366763126,1087.292470244501,620.57843930039,780.2608380568308,732.6709289025005,620.57843930039,1128.022789517583
Chemicals and Petro-Chemicals,16-17,2017,202.04,163.2717205222104,314.5573478105624,546.649860808107,373.22874338742014,278.527123652228,546.649860808107,950.6845076592524
Chemicals and Petro-Chemicals,17-18,2018,298.0,420.4775542803747,394.77455548121657,482.76874854609224,637.5509023941324,1356.4067209452805,482.76874854609224,569.8082440730597
Chemicals and Petro-Chemicals,18-19,2019,199.65,284.5515038356711,337.0378933300539,457.5844201854803,623.5842357605356,1103.0349568042157,457.5844201854803,367.87085067058536
Chemicals and Petro-Chemicals,19-20,2020,263.65,102.09210527977517,266.42445946085064,421.20296884402336,672.2048657862395,1085.1701243426737,421.20296884402336,58.18799904218171
Chemicals and Petro-Chemicals,20-21,2021,218.34,13390.765373352628,1301.6782600385886,403.65082457703943,358.67295825342643,584.9128607353256,403.65082457703943,253.3343420523633
Chemicals and Petro-Chemicals,21-22,2022,233.14,10599.742522450553,399.7817280362491,383.5181821727788,272.2638617446802,278.69824730273353,383.5181821727788,2728.1653308226337
Chemicals and Petro-Chemicals,22-23,2023,209.0,102.49764561562395,260.98261256855625,369.12163790020435,232.94608011158616,213.17564316138325,369.12163790020435,1417.16980129985
Chemicals and Petro-Chemicals,23-24,2024,173.45,259.12779123064865,216.45898286702626,354.4382036346628,228.98136112098223,212.67444164066836,354.4382036346628,950.2270490607352
Civil Aviation,15-16,2016,3341.5,6165.676434501267,6174.074693636565,2210.6528267048193,3416.6364742261635,5627.317489884436,2210.6528267048193,4672.95807732983
Civil Aviation,16-17,2017,2590.68,3028.1564137551536,3400.2131661460758,2345.059490860983,3726.0811929221395,4000.2217496662643,2345.059490860983,4535.062061198736
Civil Aviation,17-18,2018,2702.0,2704.3077196191007,2942.7038246974466,2374.4413672224473,3636.3984245467427,3524.8639025308303,2374.4413672224473,3318.1648927490637
Civil Aviation,18-19,2019,6602.86,3667.1965247080966,3208.8906517696646,2408.782470412951,3163.799367330481,3912.099346337701,2408.782470412951,3355.6122670716823
Civil Aviation,19-20,2020,4500.0,10971.627465190822,2939.758283077779,2664.3843447202225,3338.284048697122,3696.477380386899,2664.3843447202225,103.35861408814986
Civil Aviation,20-21,2021,3797.71,444603.85968319786,16541.369535118818,2794.413967078047,3736.574787559545,3803.3687881944315,2794.413967078047,3523.0806317995184
Civil Aviation,21-22,2022,3224.67,29293.430748073995,4551.790705011215,2866.776477541267,3030.939264549445,2835.7701493977133,2866.776477541267,36870.15409785606
Civil Aviation,22-23,2023,10667.0,28484.494996407502,6944.517269830482,2892.8373417083562,3795.7907203133605,4669.68088892029,2892.8373417083562,64579.95046060214
Civil Aviation,23-24,2024,3113.36,4703.442869434397,8286.535329549519,3175.4804007773923,4749.1477142961985,5582.190242862695,3175.4804007773923,7092.867287038564
Coal,15-16,2016,606.0,406.37318497628723,458.7165331582686,416.67091964515726,449.18125710550066,497.859798069053,416.67091964515726,1327.2304466090864
Coal,16-17,2017,361.0,621.2115302093304,636.0085841946569,439.5829959248816,542.3337970538742,568.0749126380292,439.5829959248816,226.53429847768092
Coal,17-18,2018,745.1,1132.5976017988287,545.0274531747966,428.8954381502051,459.352251729195,435.3485766818276,428.8954381502051,1756.2654435184925
Coal,18-19,2019,770.91,325.66916074797484,481.8929233825128,456.0530769105791,543.1467959398155,519.1604934546081,456.0530769105791,221.76780233311374
Coal,19-20,2020,822.05,633.2977506509417,673.6336969361189,480.6445384359389,630.4249906596511,733.3087888374884,480.6445384359389,49.642205903953666
Coal,20-21,2021,882.61,710.2128964287779,1060.9324582958354,504.6862525863706,589.9708629173385,586.8037046447281,504.6862525863706,661.9213155741089
Coal,21-22,2022,534.88,435.8027298967357,673.284253033687,528.7603334841352,628.5809596480708,770.6223060590422,528.7603334841352,3621.3027304393263
Coal,22-23,2023,393.24,475.30368114224467,652.1003044678872,529.2285856831662,646.3289733854724,580.8633765058947,529.2285856831662,3774.6984553737357
Coal,23-24,2024,192.32,193.5727015483348,472.6878543179797,518.1228021996297,514.1118367375825,525.5841447986652,518.1228021996297,1167.535536119354
Commerce,15-16,2016,5091.51,4261.758773540188,4683.405450906422,4321.442645542455,4558.6972946580145,4493.706006177307,4321.442645542455,7779.3325411335945
Commerce,16-17,2017,4362.8,5234.721111110392,4942.030528255428,4423.87540740637,4910.228246839525,5124.467212072485,4423.87540740637,5297.694120590356
Commerce,17-18,2018,4465.83,4965.54282212502,5032.033862049465,4416.194477783337,4749.572813981485,5412.570626422975,4416.194477783337,6242.441429596144
Commerce,18-19,2019,5251.7,4052.110653240378,4558.790606535748,4421.6821859573265,4857.452183096132,5666.708569628253,4421.6821859573265,4889.003607135991
Commerce,19-20,2020,6219.32,5410.964450995503,4147.6656790243305,4498.40843979909,4864.377042309019,5628.378709786205,4498.40843979909,273.8515150828091
Commerce,20-21,2021,6219.32,5387.6248930794145,8735.982841067073,4632.855071551413,4894.199182210928,4789.957840972917,4632.855071551413,3464.1702074352484
Commerce,21-22,2022,4986.01,5484.152453168284,5711.271217823666,4747.957723429625,4603.589095495946,4464.43794534822,4747.957723429625,77771.08811407651
Commerce,22-23,2023,6073.0,8085.945859133429,5933.966949424694,4765.858916764708,5171.08038762739,5171.880086653095,4765.858916764708,85116.77381051751
Commerce,23-24,2024,5254.58,6097.885194036784,5462.4260795665805,4849.088006466139,5134.468149502348,5109.51635113697,4849.088006466139,17465.708271546697
Company Affairs,15-16,2016,271.88,246.6363742274616,247.39888349002638,235.8499705882937,240.76027947598322,247.0012109393122,235.8499705882937,691.4803128198498
Company Affairs,16-17,2017,344.43,271.3610153069541,263.43167384967796,240.69007514861391,248.64059748502538,250.0197209349516,240.69007514861391,599.4753505020253
Company Affairs,17-18,2018,448.04,394.1732037593703,317.19488890888937,251.72399095626966,295.5540780640578,335.81407774647266,251.72399095626966,385.4430160854943
Company Affairs,18-19,2019,564.15,631.6520800078357,413.0092625232935,268.3916242406955,382.6034094047336,429.5557273680714,268.3916242406955,188.37695760289134
Company Affairs,19-20,2020,553.63,411.741633820582,494.7733072155809,289.10956849750664,418.96363408097847,436.2755603040163,289.10956849750664,42.186820728156896
Company Affairs,20-21,2021,727.62,633.6322884840729,602.2594961891274,306.714262489566,419.6373193762266,476.74128670666755,306.714262489566,956.9761200520444
Company Affairs,21-22,2022,712.13,1307.085351060377,524.5058496232299,329.6311350186359,478.2767587404291,529.5451752209661,329.6311350186359,1873.2106009931354
Company Affairs,22-23,2023,733.02,748.2151549746221,721.7265970307819,349.7701197146749,604.9127502109029,674.887329272744,349.7701197146749,2460.9585935197224
Company Affairs,23-24,2024,756.19,796.5531481458812,729.6236396908932,368.7674548584971,666.3510853560082,640.5598178919396,368.7674548584971,1534.949953576363
Consumer Affairs,15-16,2016,261.77,426.4694244413852,503.73055645700185,470.1151896945571,458.09426555236587,509.5048445142169,470.1151896945571,592.9431206727166
Consumer Affairs,16-17,2017,1241.61,263.6417172578125,330.16591351700407,432.4165481758039,354.0291640466433,260.4529798993942,432.4165481758039,3923.7464806875364
Consumer Affairs,17-18,2018,3727.0,753.9335814219257,598.2367105624893,493.40648473330606,572.4562034564503,674.8439306575335,493.40648473330606,191.3263190281279
Consumer Affairs,18-19,2019,1785.17,10289.86030886645,3579.642929137488,617.8310980208555,1071.5692069098577,1277.6905127047573,617.8310980208555,41.520512462753835
Consumer Affairs,19-20,2020,2272.32,0.4064785034828377,490.82170608312543,687.029716570463,919.9002665033297,1230.0242009880417,687.029716570463,127.05682177906749
Consumer Affairs,20-21,2021,2300.0,54.938534647491196,3360.2401207054577,765.9973558704894,1180.4798763253891,2195.3377803879416,765.9973558704894,655.131091357828
Consumer Affairs,21-22,2022,2974.1,335.77859109753507,1519.3008611716025,839.5316979401385,1599.712068661306,2668.080854390603,839.5316979401385,10960.328419844338
Consumer Affairs,22-23,2023,1724.88,327.22858537012615,2070.5389285366614,925.3621983924163,2098.8101256559953,2323.4237048122873,925.3621983924163,6411.493143851583
Consumer Affairs,23-24,2024,250.66,52.74839728923102,1703.6021596766702,967.4628171833276,1924.0523012833803,1754.9165593758664,967.4628171833276,5032.960690198843
Culture,15-16,2016,6203.85,2747.759206514795,5507.873059890011,1150.517983987506,1078.168928418388,2999.856223314947,2825.879413788754,7368.283222799413
Culture,16-17,2017,23228.83,8404.834516503523,5366.172231228859,3588.454487471025,4843.404929212762,8001.780772200655,3161.87581842168,6753.857537941514
Culture,17-18,2018,2738.47,1513.1505605236202,11949.638422176262,4993.970827997331,7080.078719436111,10808.91426356652,4057.1456226279543,3336.7923636457335
Culture,18-19,2019,46700.0,12716.646967426059,5033.097044067235,2175.3230193154764,4140.558452767611,2869.396942813875,3883.7697667406087,8070.5543773892205
Culture,19-20,2020,129585.21,-0.8410813543272272,33.10828411692547,6937.914524589986,1859.9890372197744,831.8069325602104,4980.514223380384,161.45560629529365
Culture,20-21,2021,134399.77,-0.9999089347099418,768538.2374332759,14579.998522239752,19791.746509528042,49391.38166275921,6698.088034293334,77508.36247637976
Culture,21-22,2022,123017.57,9095070.507660603,238334.00897959972,24873.478637541077,22447.72185154353,18449.385327768112,8599.97841276043,41143172.13151373
Culture,22-23,2023,124000.0,3335062.215178174,212699.57038034633,35682.67949015625,64638.37033228396,125854.78369879046,10553.229554730817,4574609.7633486185
Culture,23-24,2024,115531.79,42.288770590320716,148829.2173871037,46551.511425230616,75360.97211457207,124191.82254369099,12584.051902462908,206025.54088686325
Defence (Civil estimates),15-16,2016,63352.6,27578.70345298256,38285.67901758697,41641.51230094969,38924.79623583221,37848.94421469657,41641.51230094969,91453.7085852002
Defence (Civil estimates),16-17,2017,118465.84,92469.14836115637,65979.50747043475,44214.07895977732,64548.678502578,66131.38934597553,44214.07895977732,67130.24458412839
Defence (Civil estimates),17-18,2018,14852.22,85639.29064363954,68421.3489444306,50010.940385806556,55908.91263471958,45419.075980940695,50010.940385806556,37804.965489571114
Defence (Civil estimates),18-19,2019,16206.09,127.01366774671439,39301.76875587072,43699.86446699683,33565.57314382706,41428.67169983624,43699.86446699683,59123.03424435912
Defence (Civil estimates),19-20,2020,17065.12,-0.9401262704899218,3663.65150196312,39573.143990056655,26694.05808474716,40050.25117177016,39573.143990056655,804.4442629602922
Defence (Civil estimates),20-21,2021,14500.0,-0.9999999967535907,21122.837695065282,36660.02082770326,23047.498365761185,15899.503136652727,36660.02082770326,8225.646768270974
Defence (Civil estimates),21-22,2022,15257.34,-0.999999890769503,35595.04099808557,33933.1782653339,31126.414227747762,87200.8612801041,33933.1782653339,604938.6903276619
Defence (Civil estimates),22-23,2023,20100.0,800694.432531309,30049.10191612465,31909.60407151962,24279.348140630507,42060.93131686814,31909.60407151962,245165.96082235876
Defence (Civil estimates),23-24,2024,22612.5,-0.8566128908797268,24603.691356632462,30873.36762790259,24697.328770859254,27966.35794704795,30873.36762790259,132384.0638384057
Defence Services,15-16,2016,63352.6,58532.68876314573,43532.687838331796,53119.71491415331,46355.225668746956,29911.35131807959,53119.71491415331,107277.81389826485
Defence Services,16-17,2017,118465.84,103977.96091440416,71142.76370683943,54473.53578003447,59513.409201993934,61689.99592169876,54473.53578003447,75443.8608112204
Defence Services,17-18,2018,172773.89,168623.83308170602,104445.33592914675,60029.083334425006,73174.63596815357,76396.32291165361,60029.083334425006,62092.20887546562
Defence Services,18-19,2019,16206.09,66087.59687688401,93763.8993357713,67511.05924867869,70012.09753638232,52307.84447328917,67511.05924867869,35221.48166274345
Defence Services,19-20,2020,17065.12,-0.5092777209447648,2606.50306990601,58533.74407744665,32586.707304048017,21483.65010171585,58533.74407744665,982.6341906817592
Defence Services,20-21,2021,14500.0,-0.9999738705784537,149609.2696292813,52329.15282914546,39503.831192346006,49095.05387864719,52329.15282914546,10806.797806910085
Defence Services,21-22,2022,15257.34,597377175.9420017,69743.41701764458,47021.51267789479,25731.23286411291,15659.54179109466,47021.51267789479,785184.5241105092
Defence Services,22-23,2023,20100.0,500316.4143981024,37344.31393229088,43121.69991103143,30388.000295181395,42006.116836109606,43121.69991103143,335260.725674237
Defence Services,23-24,2024,22612.5,4393.126409171261,29807.992949067244,40833.59098309504,23393.6958499106,18535.806708830045,40833.59098309504,167722.25741940737
Development of North Eastern Region,15-16,2016,564.74,246.79343616651616,242.53331403061998,170.1465587954015,201.7667743862136,248.57000106840403,170.1465587954015,572.8257547637013
Development of North Eastern Region,16-17,2017,830.01,823.6858514341258,584.7374065790934,202.02361624352955,359.3104301653563,417.40782185068883,202.02361624352955,115.77170687617539
Development of North Eastern Region,17-18,2018,2682.45,3218.0642834346136,1294.5416642505402,241.13302094150941,528.0418798105727,738.715559557865,241.13302094150941,445.3365655839351
Development of North Eastern Region,18-19,2019,3000.0,9218.16665261289,4774.676045189379,315.3188511239389,1211.3851147901203,2152.0081428558337,315.3188511239389,48.16435096405061
Development of North Eastern Region,19-20,2020,3000.0,2227.722802427347,3994.997924862411,482.41574787520875,1220.3382468858426,1569.8763021894113,395.1313068363127,322.7433447483451
Development of North Eastern Region,20-21,2021,3048.73,30011.756217866092,4642.47505972284,688.1242352803348,1428.0365888387369,1928.5367847268794,475.1974442410226,6660.890341230255
Development of North Eastern Region,21-22,2022,2658.0,9042.820603544053,1821.2719957324023,883.2096924089584,1419.3911939732668,1957.3674154062905,554.8956230065547,31187.373979393913
Development of North Eastern Region,22-23,2023,2800.0,1934.6363052675758,3017.9983863818234,1012.561705987127,2306.713734635609,2846.981256998379,626.0176981291737,6180.062060182146
Development of North Eastern Region,23-24,2024,5892.0,10318.421285637492,3813.476921800295,1128.1571731216304,2555.191341164377,2790.879442328457,696.767520290661,8244.090002392679
Drinking Water Supply,15-16,2016,238.87,11995.192999939354,15861.45403124747,10959.725380426667,13406.513128323226,14314.75881773679,10959.725380426667,201.02460363339955
Drinking Water Supply,16-17,2017,1471.2,99487.0586575037,26956.592207996357,2777.278729027064,1830.432054441607,1162.6947606724113,6348.155436009431,1304108.8711488163
Drinking Water Supply,17-18,2018,20010.79,24187.788701396297,3509.4898005190116,3357.856750872521,1984.2947185947833,1097.0209545119003,5287.984765693584,20225.507758508233
Drinking Water Supply,18-19,2019,22356.6,2146.6913468506746,3492.4015334944133,6130.757071606161,4927.1011690237065,17654.011031952556,6130.757071606161,2031.047391158791
Drinking Water Supply,19-20,2020,18216.34,62438.59085279409,9065.34827960537,6977.61058346748,2591.070754599374,451.5502100280419,6977.61058346748,343.4688591823033
Drinking Water Supply,20-21,2021,21518.1,2900876.964878037,22498.492961404325,7613.690172334827,5323.352081381071,18446.548916902924,7613.690172334827,7545.076129870351
Drinking Water Supply,21-22,2022,60030.45,3740.4323739028127,6994.162674503318,8302.284008113647,5864.902647240036,12111.323855484367,8302.284008113647,191976.8523116191
Drinking Water Supply,22-23,2023,67221.12,28.308917807375774,28316.463156520807,9667.002065042785,17016.496403356443,36456.457830246734,9667.002065042785,51521.590444306275
Drinking Water Supply,23-24,2024,77223.0,2301406.6903234012,18869.169004213298,11103.324004384653,23430.566685779628,40703.88432326599,11103.324004384653,279243.23059171793
Economic Affairs (centralised provisions),15-16,2016,565159.57,447645.53664319695,425826.4585932626,299397.54039595946,359063.15264428343,333841.88756361115,299397.54039595946,2203697.830514556
Economic Affairs (centralised provisions),16-17,2017,603316.31,615372.5074715512,555283.3256431598,327842.9188957118,453322.6008807624,493125.8532211564,327842.9188957118,302326.8647743681
Economic Affairs (centralised provisions),17-18,2018,11110.0,594758.6081619461,608909.9741620315,353814.5892200342,499300.1890420968,570229.1531932949,353814.5892200342,6149.306986868887
Economic Affairs (centralised provisions),18-19,2019,12742.84,210496.2676734179,193396.05137278733,244155.48605445452,77912.4222687011,32626.67869177069,240864.34410199407,529617.9202129777
Economic Affairs (centralised provisions),19-20,2020,14120.62,4278.974896475341,18503.172403827368,179524.81917782177,45755.98194575159,25046.742044189163,179524.81917782177,2468.096767917078
Economic Affairs (centralised provisions),20-21,2021,29308.27,2802189.749024319,139525.1761450584,142474.84609136783,58080.21355013817,27043.786364647607,142474.84609136783,76047.79533601987
Economic Affairs (centralised provisions),21-22,2022,61128.18,1282310.9204821126,143619.52864140735,124884.84722938194,32228.498901817326,15356.287329451161,124884.84722938194,7820466.31493987
Economic Affairs (centralised provisions),22-23,2023,14540.26,41.63746409904045,30933.22404879829,118206.95731026474,29695.4600249763,29254.464860041524,118206.95731026474,216656.7813580345
Economic Affairs (centralised provisions),23-24,2024,5901.31,82004.69548221186,18040.07497113795,94838.87495178707,19924.07641666563,14538.879419988652,101774.56491873339,204160.44696920464
Elementary Education and Literacy,15-16,2016,6153.0,76297.22525823786,71106.60011323843,36548.46788963745,42939.19293019514,41163.53242735732,36548.46788963745,677.1107335325758
Elementary Education and Literacy,16-17,2017,8466.5,10375.752691599595,13415.248768102882,28335.690093701036,16877.378463740886,13232.973672282069,28335.690093701036,105810.40894000897
Elementary Education and Literacy,17-18,2018,46356.25,121061.52429447146,34238.293642580735,24364.47493405059,14235.97307583823,9262.478422690985,24364.47493405059,915610.8728210757
Elementary Education and Literacy,18-19,2019,50000.0,17724.9684745759,21183.937538144157,26169.557130528672,26922.894911279258,46449.72650723246,26169.557130528672,10076.225392392216
Elementary Education and Literacy,19-20,2020,56386.63,91377.6205982101,45512.27068560814,27919.908177630798,19196.72573431232,6802.276562549646,27919.908177630798,922.2626163464802
Elementary Education and Literacy,20-21,2021,59845.0,1649523.8115457403,101919.15715880018,29762.22115529456,17009.174474040516,7207.46168976547,29762.22115529456,19500.55326736612
Elementary Education and Literacy,21-22,2022,54873.66,96256.71353636439,29099.081145600525,31546.106441767075,18177.137560297506,13765.490337704472,31546.106441767075,997309.8000553388
Elementary Education and Literacy,22-23,2023,63449.37,18944.027759386183,28574.300927453147,32918.466311263546,34378.03079880965,39328.822904020875,32918.466311263546,506641.6059760805
Elementary Education and Literacy,23-24,2024,68804.85,13242.761235655518,39022.7976595302,34498.16614719656,30728.15227933943,31810.898249381877,34498.16614719656,244404.6381517231
Environment and Forests,15-16,2016,1230.05,2201.2524252464623,2445.2412159706323,2258.662564109648,2287.863068498286,2465.8933330770487,2258.662564109648,1653.660457543687
Environment and Forests,16-17,2017,1393.32,1264.1863520395984,1490.222476399385,2070.8698109483516,1732.9772724014588,1259.7078338279687,2070.8698109483516,5985.673315717856
Environment and Forests,17-18,2018,2675.42,1729.3267450548055,1678.3385776143696,1970.7981812731468,1615.835201913412,1329.6962431700179,1970.7981812731468,4307.564153775902
Environment and Forests,18-19,2019,88.75,1347.418809068427,1608.9192338558273,2038.8864613461583,1883.160578398179,2499.0745978335185,2038.8864613461583,584.6251902222227
Environment and Forests,19-20,2020,3175.72,2.6165946178881114e+22,498547188150.5507,1491.6185743545113,714.8532012745179,349.88930393422373,1491.6185743545113,1895058982596.7886
Environment and Forests,20-21,2021,3100.0,144.7569027500923,513.7217098385798,1597.7102503732044,856.0315257687499,439.54993708634356,1597.7102503732044,414.8129750188614
Environment and Forests,21-22,2022,2869.93,482.8944159881977,1264.0842024940303,1688.4581053292893,1416.7873739692798,1589.9480263582398,1688.4581053292893,28429.432967657245
Environment and Forests,22-23,2023,3030.0,1137.4280612111284,1503.2430069631005,1758.7902284669235,1886.950270095734,2209.49188098819,1758.7902284669235,15814.018839407874
Environment and Forests,23-24,2024,3079.4,274.8943520428118,1425.61618082503,1828.4770919124705,1980.5775866251663,2329.306489534008,1828.4770919124705,8871.519715159784
External Affairs,15-16,2016,14966.83,13808.13360447662,12210.880396385734,7232.39768771484,9212.461326774035,11318.910816901593,7232.39768771484,31903.82101657924
External Affairs,16-17,2017,14662.66,15219.358702828758,14625.914837915523,8024.257676315479,11763.296241351494,13443.231156445492,8024.257676315479,6509.833523109363
External Affairs,17-18,2018,14798.55,15938.735412752387,15257.483332701195,8652.302984831258,12534.975180329311,14260.42362747551,8652.302984831258,10738.00092628578
External Affairs,18-19,2019,15011.0,14261.458281952886,14119.63282528797,9183.979665478422,13089.560703612451,14366.835123071549,9183.979665478422,7568.957420455443
External Affairs,19-20,2020,16061.78,6723.436204976388,8393.112728094835,9646.48772839268,13108.582291182986,12759.736963193878,9646.48772839268,400.95967710587905
External Affairs,20-21,2021,17346.71,17154.300188025307,22184.417487632836,10104.134451869713,14524.565441671673,15417.970588720415,10104.134451869713,10862.201768418505
External Affairs,21-22,2022,18154.73,28149.881323562055,16068.236262067117,10569.619357900914,13875.65104669333,14937.45069051005,10569.619357900914,227547.50768110494
External Affairs,22-23,2023,17250.0,25452.057465863058,20386.389654085022,11018.723225889169,16493.758660092026,17926.781986019494,11018.723225889169,94639.64568577349
External Affairs,23-24,2024,18050.0,23566.25724436719,19589.807108745354,11377.20620820742,16985.90853679629,17388.934607887284,11377.20620820742,88325.52327934686
Fertilisers,15-16,2016,73047.8,54869.43197847463,58900.948198255326,47568.06496557873,49887.027289548634,59503.65612870445,47568.06496557873,100232.94598392746
Fertilisers,16-17,2017,70039.37,73780.19916399173,71484.1076003135,50574.158627114164,62515.030157111185,69420.26693741725,50574.158627114164,58051.67744898442
Fertilisers,17-18,2018,70032.71,68525.39735903614,70732.03425147533,52675.10453541282,65305.18359647934,68860.80662835554,52675.10453541282,66479.50387954105
Fertilisers,18-19,2019,70125.39,57595.35794964759,62473.9040129264,54368.754392480674,61999.04299082501,49216.0333166944,54368.754392480674,46801.776253336706
Fertilisers,19-20,2020,75035.0,50986.80359166782,33037.54257626824,55770.17344487661,54522.50037032004,40741.784458315306,55770.17344487661,1102.8265361198592
Fertilisers,20-21,2021,71345.0,77307.19423902429,100593.70202849052,57295.00188691715,69625.33163793714,70693.99163285368,57295.00188691715,55364.94271057228
Fertilisers,21-22,2022,80011.39,139713.16132531886,78163.57225105334,58351.76334623667,69251.00453898881,71259.97253630396,58351.76334623667,2397697.6025542663
Fertilisers,22-23,2023,105262.23,195443.5866702561,88331.97053672264,59786.06847083332,68306.69144425397,79046.4718214368,59786.06847083332,1343335.925704411
Fertilisers,23-24,2024,175148.48,802732.4499481788,107095.2649583913,62251.253299544485,89586.81170174092,99240.67566452267,62251.253299544485,1456052.4143399422
Food Processing Industries,15-16,2016,498.51,685.6660727914967,714.5015212127383,471.035795923859,551.4050722858995,516.747224636617,471.035795923859,586.6545924470298
Food Processing Industries,16-17,2017,636.02,483.07340257726327,497.6846112735696,474.8661654068624,504.9740506640148,583.0670738243932,474.8661654068624,1044.5974808105311
Food Processing Industries,17-18,2018,800.0,733.1956937003205,617.2753541266607,492.53545482946447,601.373487198364,609.7041773494609,492.53545482946447,631.0628679433859
Food Processing Industries,18-19,2019,1400.0,1052.9939324590541,727.7572037558881,519.8187334186475,609.4517816262776,612.5509940875633,519.8187334186475,772.9215704819205
Food Processing Industries,19-20,2020,1196.6,1356.9445926830044,1080.9114551000932,573.9919319316641,905.4491346023764,1205.3254506084872,573.9919319316641,32.7827347535731
Food Processing Industries,20-21,2021,1232.94,4323.046954498901,2618.272427607506,613.6529014127627,907.8139807263578,1196.929490037541,613.6529014127627,1186.6432440803849
Food Processing Industries,21-22,2022,1308.66,2263.6414470543705,1070.1697512445046,650.4062856426424,857.8633703058017,814.7214928737293,650.4062856426424,6911.113669498246
Food Processing Industries,22-23,2023,2941.99,4758.249848932596,1661.538208866284,686.358366495028,1065.4601979812448,1316.5901476255663,686.358366495028,21413.468621416116
Food Processing Industries,23-24,2024,3287.65,2600.4363097639907,2689.8320021305467,761.6019410215071,1662.978911409097,1843.0218670297063,761.6019410215071,1663.9732810960434
Food and Public Distribution,15-16,2016,125212.0,85159.58267203272,83910.84358619852,56736.99508586337,61446.13078248339,77765.98151152393,56736.99508586337,140635.8283797434
Food and Public Distribution,16-17,2017,140150.0,154377.4262373233,127507.43528089923,63529.864032674035,91828.47403733344,104523.57341161884,63529.864032674035,64593.53002291943
Food and Public Distribution,17-18,2018,150504.69,163272.406863224,147738.48956932916,70134.22454146249,103172.19422286727,127822.41791327696,70134.22454146249,104737.38825021173
Food and Public Distribution,18-19,2019,174159.1,123118.64755117283,135283.49202666178,76344.3331862712,120479.43129629223,136787.58848582552,76344.3331862712,77446.19798365739
Food and Public Distribution,19-20,2020,192240.39,80193.88359155995,69155.94648815652,82907.51030665649,116733.2040244351,137614.67501847286,82907.51030665649,1467.557791181147
Food and Public Distribution,20-21,2021,122235.43,353947.07157208805,273009.39860442595,89494.96516709217,150956.24679740728,159977.9146517648,89494.96516709217,44783.23794725064
Food and Public Distribution,21-22,2022,253974.3,380088.8617589456,175679.99373104185,91850.56411069796,119272.81515738154,112336.31097133632,91850.56411069796,32958486.528013255
Food and Public Distribution,22-23,2023,215959.58,749430.7381696571,219360.50314223822,99325.2085778694,147305.2270352375,155225.1517092668,99325.2085778694,894391.6997011699
Food and Public Distribution,23-24,2024,205513.94,537971.3412063633,277700.6993068918,104991.30597811326,188745.17942167187,182017.35102316417,104991.30597811326,1858271.8586683567
Health,15-16,2016,11358.0,38938.51003787438,36681.91507915874,24356.096006217474,28082.925002694017,32775.63185712937,24356.096006217474,2320.3509662746346
Health,16-17,2017,16371.08,14636.844372676393,16131.172656636512,21841.33285535954,17207.301213893224,11724.171825142997,21841.33285535954,75647.70625292795
Health,17-18,2018,47352.51,30025.290472190805,21645.998499875026,21068.27664965598,17451.378231556453,13846.860057623848,21068.27664965598,107727.60816501596
Health,18-19,2019,52800.0,26627.48383541773,24043.466645590364,23052.01255523678,28083.153851972518,38869.4909652762,23052.01255523678,9308.877488364036
Health,19-20,2020,61398.12,50416.17206356409,36512.11634896211,25043.890250071345,33833.559536321576,43478.43093550606,25043.890250071345,873.4394112320946
Health,20-21,2021,65011.8,533446.7040497747,86935.5077249465,27171.089927339013,38926.38169146714,45845.88548253145,27171.089927339013,32461.661693086196
Health,21-22,2022,71268.77,70881.75975723256,42563.31854374908,29220.064229857864,28316.357762644664,27235.980040564868,29220.064229857864,1415640.2828265738
Health,22-23,2023,83000.0,29800.573766100486,55075.539747053954,31294.461611256484,48908.8308451064,68088.87729042613,31294.461611256484,630415.8116994591
Health,23-24,2024,86175.0,148747.51579863322,70356.48349712332,33552.56306908249,63177.25777237453,76230.55726827569,33552.56306908249,343520.20686186815
Heavy Industry,15-16,2016,1624.73,1397.3287716344319,1143.063448039195,912.3757536109632,976.5436800866588,1020.6009297257237,912.3757536109632,29719.343870975204
Heavy Industry,16-17,2017,1300.0,1413.3593885758596,1496.9208921184218,990.7923543060734,1304.8515601937709,1412.0624044072867,990.7923543060734,2272.0291667597735
Heavy Industry,17-18,2018,2600.0,2325.693600267374,1854.0311370983738,1025.0129056856872,1307.6746255753783,1423.244449004489,1025.0129056856872,7205.786141452461
Heavy Industry,18-19,2019,1125.73,1430.9216331394396,1555.386534527506,1136.7329260047445,1751.8767363187658,2047.2201184279545,1136.7329260047445,241.04448996994583
Heavy Industry,19-20,2020,1162.0,1143.6611964117408,1482.8281882490776,1135.6278154890483,1334.0545323542729,1098.7986412562739,1135.6278154890483,154.5351840169549
Heavy Industry,20-21,2021,1489.98,2471.9180955472334,1453.8928868618561,1138.0003692054743,1265.7255148999363,1196.6595212665425,1138.0003692054743,1087.0683856766716
Heavy Industry,21-22,2022,995.27,1961.0627225323992,1182.8022066951798,1163.848722186455,1194.162366813769,1250.992409809964,1163.848722186455,8022.1414271571875
Heavy Industry,22-23,2023,3306.0,1600.5565236405778,2671.204647946932,1149.9250153428495,1696.5986716373038,1688.9645536226028,1149.9250153428495,68518.00447778784
Heavy Industry,23-24,2024,6171.63,1820.2889349694358,1623.4459170108275,1240.0491170675239,2169.074158421894,2593.9053760338415,1240.0491170675239,4429.6239159019015
Home Affairs,15-16,2016,65651.1,53473.69866870059,52852.30503340737,39549.93904768817,38590.84576421009,45570.11232394393,39549.93904768817,95607.27264910734
Home Affairs,16-17,2017,73406.37,70828.24264155878,63783.45636590756,42519.51229104474,53762.60728229711,60778.67288405458,42519.51229104474,52338.602615656775
Home Affairs,17-18,2018,78000.0,91919.19876143076,75366.02191726334,45523.07554378598,62231.86845599417,69746.82382360338,45523.07554378598,53262.21544120701
Home Affairs,18-19,2019,4793.36,39672.63336446037,72829.97660339011,48329.96567083654,65834.55090812067,73091.02040794879,48329.96567083654,6680.463869832569
Home Affairs,19-20,2020,4895.81,-0.06150064264194938,2357.6575963833625,38358.76955220808,24270.000602508226,11388.288000907545,38358.76955220808,1351.3555332923547
Home Affairs,20-21,2021,8002.0,9.306556084570683,53076.848170273886,31812.148288186687,18829.63254261607,10407.405681874396,31812.148288186687,16924.744758501645
Home Affairs,21-22,2022,7620.4,11202661.316217942,21497.959290202212,28356.013965176237,13270.65394505368,6490.422995992807,28356.013965176237,274146.3977123909
Home Affairs,22-23,2023,7621.0,7715.223938994367,12453.740953906256,25630.038871995468,8216.801996198908,6732.452178933675,25630.038871995468,110715.01253532399
Home Affairs,23-24,2024,5901.31,2449.5246589878448,7880.3907695764065,23503.17305606081,7507.507633133735,7671.5228283667875,23503.17305606081,59617.32043023516
Industrial Policy and Promotion,15-16,2016,2616.19,1488.0306468592603,1533.2977747296095,1233.579379333415,1310.3115050064273,1436.4374286812802,1233.579379333415,3663.0582086380728
Industrial Policy and Promotion,16-17,2017,3026.55,3480.01034539561,2579.680129633167,1373.4711346174422,1965.2321321146233,2353.71872138764,1373.4711346174422,1235.9407857149827
Industrial Policy and Promotion,17-18,2018,3608.87,3811.988212018404,3280.2057102023878,1516.0681343572605,2355.1713160391296,2507.1351865061683,1516.0681343572605,2000.3961020901133
Industrial Policy and Promotion,18-19,2019,6140.23,3138.3475165638997,3332.4774230451885,1669.4632162164612,2896.8300500789364,3307.368469172443,1669.4632162164612,1860.8728324105873
Industrial Policy and Promotion,19-20,2020,5674.51,2804.2926469839595,3287.401318245769,1901.7369914566634,3113.045957981501,3601.0027128535576,1901.7369914566634,80.17723324988808
Industrial Policy and Promotion,20-21,2021,6605.55,13386.168745198902,9704.476902431907,2100.486438000581,3802.2623884059544,4141.006616393302,2100.486438000581,5289.853270877262
Industrial Policy and Promotion,21-22,2022,7782.24,8446.179207462816,5078.1722325656465,2310.9615272821084,3605.5556989222823,4354.951116393429,2310.9615272821084,40603.87008283125
Industrial Policy and Promotion,22-23,2023,8348.0,10561.360135497962,8557.207611887612,2537.2412436430022,5605.096772533338,7453.048136747415,2537.2412436430022,25802.95831721992
Industrial Policy and Promotion,23-24,2024,8200.63,10150.138746971073,9604.461318231777,2762.55888405137,7263.061242099314,7949.541421159156,2762.55888405137,16576.266158276132
Information Technology,15-16,2016,2630.0,2580.980521554716,2778.91548533422,2594.1776661735694,2593.1696202212565,2797.8179029487355,2594.1776661735694,5022.476932856572
Information Technology,16-17,2017,3328.82,2587.408544745238,2576.464153325339,2599.2651248760035,2509.4300535758816,2639.3219566390653,2599.2651248760035,4732.963808015758
Information Technology,17-18,2018,4039.0,3742.7585058009063,3099.977808047146,2680.902727684345,3039.959556124199,3211.865156923936,2680.902727684345,3152.6212948308116
Information Technology,18-19,2019,6000.0,4528.030640891804,3460.70778380377,2805.816035428512,3369.543483029167,2931.310617264305,2805.816035428512,2944.5193929829234
Information Technology,19-20,2020,6420.0,8409.275209171768,4662.039926155772,3027.411709795147,4139.105565036997,4124.786027956818,3027.411709795147,190.86838086094951
Information Technology,20-21,2021,6899.03,13692.21282641739,8555.077627258219,3241.548873250484,4551.567111221368,5468.898634992632,3241.548873250484,7689.679441177988
Information Technology,21-22,2022,9720.66,15450.912201200079,6084.072869804707,3452.1615887399716,4954.670905768653,5528.901019323861,3452.1615887399716,125868.62458772374
Information Technology,22-23,2023,14300.0,24377.486188124734,10011.549037010696,3738.345846194244,6651.372393858898,8320.954277937633,3738.345846194244,62454.272077012334
Information Technology,23-24,2024,16549.04,34035.36813571592,16802.519387206154,4114.360001855022,9778.266572589131,12836.087039019852,4114.360001855022,26774.292702259274
Information and Broadcasting,15-16,2016,3711.11,2901.179563292878,2812.305346504405,2505.0036213059466,2615.545091371027,2880.6962940449293,2505.0036213059466,8792.589830383933
Information and Broadcasting,16-17,2017,4083.63,4327.23526430195,3660.3851505248103,2649.688626571016,3247.1601218892465,3574.579954932651,2649.688626571016,3660.3419982568626
Information and Broadcasting,17-18,2018,4409.0,4335.001096400506,4028.2727248812503,2796.9050082030953,3596.504184614895,3620.9853947735783,2796.9050082030953,4287.384254098561
Information and Broadcasting,18-19,2019,4088.98,3954.2648570686883,3994.037665587524,2941.992437284246,3818.4568712541363,4262.367267231778,2941.992437284246,2470.1824434618866
Information and Broadcasting,19-20,2020,4375.21,2051.379854274847,2281.3253679408117,3040.4616858399395,3509.0645234684466,3571.6482683454374,3040.4616858399395,235.68420173489068
Information and Broadcasting,20-21,2021,4375.21,3194.814880684632,4697.581513013619,3142.7458060124277,3917.2750809743234,4072.102569649542,3142.7458060124277,3811.061378776571
Information and Broadcasting,21-22,2022,4071.23,5748.125997494493,4163.637418714407,3230.6053413668737,3737.821243929695,4055.2279300893138,3230.6053413668737,49930.52309565948
Information and Broadcasting,22-23,2023,3980.77,3907.657292826294,4574.77968559688,3288.5952791182226,4069.473273515796,4043.298936843081,3288.5952791182226,31778.786903814034
Information and Broadcasting,23-24,2024,4692.0,4563.109480863927,4501.610218272016,3333.7732218956216,3975.3884243713132,3887.658530324414,3333.7732218956216,30222.68398451121
Labour and Employment,15-16,2016,3966.85,4932.703799430715,4995.313484269664,3032.9171769032223,3747.343580619747,4429.959403523153,3032.9171769032223,3782.6549719300774
Labour and Employment,16-17,2017,6131.35,4697.367715331432,4292.680740717233,3151.49160432031,4194.271210453142,4358.436627469469,3151.49160432031,8904.403763668728
Labour and Employment,17-18,2018,7188.38,5613.4529918117505,5259.768636167848,3424.906950030471,4807.4696888955905,5635.237503905222,3424.906950030471,3293.2650116103578
Labour and Employment,18-19,2019,7700.0,7655.3475619145565,6398.3255995098825,3719.009026914442,5196.419812504558,5553.028523510111,3719.009026914442,2667.4719411279366
Labour and Employment,19-20,2020,10434.09,2928.5444991294057,4565.823295849322,3999.7766486706723,5629.164878922188,4961.301827043906,3999.7766486706723,304.3703764334583
Labour and Employment,20-21,2021,12065.49,17796.754343879446,15307.894692097012,4364.102827718653,6824.515548050033,7648.616623449829,4364.102827718653,6206.637624795757
Labour and Employment,21-22,2022,13306.5,21750.186407250436,10082.169598237457,4750.091034954422,7893.315757306018,9526.893090520342,4750.091034954422,106850.41075943787
Labour and Employment,22-23,2023,16893.68,15084.583516781886,14933.60132331256,5141.819530014456,10491.304332946092,12376.195638633062,5141.819530014456,97948.24444460582
Labour and Employment,23-24,2024,13221.73,18399.81410272484,15898.341709412738,5597.834359751376,13428.90137857589,15013.366501593746,5597.834359751376,22643.572934881642
Land Resources,15-16,2016,59.73,5065.808155469772,4613.06348222147,2801.4822348402504,3984.039318188851,4949.053933772168,2801.4822348402504,637.5382376116589
Land Resources,16-17,2017,230.51,9857.171136135166,1973.3772100523836,702.4012890891465,460.3355902112393,339.00779895989524,1620.0956541131943,18411.637729457372
Land Resources,17-18,2018,2310.36,13429.131663436101,1007.7073976543356,669.2033991217551,503.6472041078771,235.37494096994416,1270.0240864485309,6391.281973706692
Land Resources,18-19,2019,2511.4,413.3434241201941,691.412766246411,1311.5988601867882,1170.654462502856,2302.4930631343236,1357.3474474204431,789.0881343190615
Land Resources,19-20,2020,2227.24,18408.284113316742,3265.175373382071,1443.5037124772325,1936.642132849398,2090.570506288695,1443.5037124772325,88.42101150979126
Land Resources,20-21,2021,2251.24,2379732.7318148483,8870.11566103969,1501.5595390367225,1906.4132951880763,2626.1663000721915,1501.5595390367225,1018.0868903826455
Land Resources,21-22,2022,2170.42,154080.41319469313,1523.6826485655774,1553.1046912443314,1632.0054064323704,2242.2987079793043,1553.1046912443314,16083.660513475454
Land Resources,22-23,2023,2259.34,9788.470040927583,1090.4000915958334,1593.6096633067261,2113.2393649019104,2220.633235176343,1593.6096633067261,8435.44273140811
Land Resources,23-24,2024,2419.23,1696.5509567044626,1233.1133734210155,1633.847337565074,1752.9132979256938,2194.9924219599384,1633.847337565074,6107.850788270017
Law and Justice,15-16,2016,2960.65,2544.745985846033,1768.8918421493988,1247.1708283578855,1432.5347027629746,1656.6496297779638,1247.1708283578855,3297.2875684852315
Law and Justice,16-17,2017,4564.99,2372.1561307198463,2411.562025230225,1411.1556161433423,2116.9527428568836,2760.6260254761805,1411.1556161433423,1261.5580248526976
Law and Justice,17-18,2018,4143.66,8873.449705470057,4298.664462130454,1634.2686366932526,2593.887498641068,3759.840436782353,1634.2686366932526,1139.181109896388
Law and Justice,18-19,2019,4386.33,3724.194610342382,4206.456252786325,1812.2883160814665,3160.5471289670336,3826.294486901761,1812.2883160814665,2048.9128142395252
Law and Justice,19-20,2020,3055.11,1836.1632806252403,2139.775707291147,1979.7980830484664,2368.8933032435402,2380.1775848247917,1979.7980830484664,106.60243086327738
Law and Justice,20-21,2021,2200.0,31386.790005225233,4946.766476608572,2059.4448979223575,3220.4095972172468,2918.839579875345,2059.4448979223575,1824.750761243185
Law and Justice,21-22,2022,2645.82,5005.677545860284,2963.1207385328753,2070.8068179038305,2824.4687831615806,2459.4896999675934,2070.8068179038305,28922.41344985344
Law and Justice,22-23,2023,3393.48,3500.474401614037,3618.6466193436195,2110.2125639687815,2456.331103934266,2460.6816722481267,2110.2125639687815,15515.350921086889
Law and Justice,23-24,2024,3975.43,5295.5490750793815,3933.461182824584,2183.0545565804136,3234.095067581324,3280.8499217201315,2183.0545565804136,10733.051858361257
Mines,15-16,2016,1155.71,1068.3484841944326,934.0887296780985,623.8957063228167,736.1465908836504,921.1186379041701,623.8957063228167,1375.3770833563333
Mines,16-17,2017,1213.49,1443.5603049301349,1215.625884794127,681.354346030696,961.697480328949,1068.865795559081,681.354346030696,902.0629468126928
Mines,17-18,2018,1213.49,1245.0696619377468,1207.9192039382742,732.3443657068482,1013.1857496591198,1010.564428875602,732.3443657068482,930.4444236567266
Mines,18-19,2019,1669.52,1337.093276954212,1217.1813818940227,774.6232995409268,1093.6142669642857,1144.7419003578234,774.6232995409268,888.3450725424445
Mines,19-20,2020,1497.94,525.4357138607706,944.4422173381038,836.4732229945288,1303.1105325585913,1658.6282079904697,836.4732229945288,54.66488903976214
Mines,20-21,2021,1701.4,4046.0202747726535,1960.2517664020565,881.986287149867,1320.3739954895436,1365.2252857553017,881.986287149867,1489.6870856731175
Mines,21-22,2022,1466.82,1038.447639487732,1322.8837218695828,931.6376205772501,1314.1066395908856,1580.6886293768207,931.6376205772501,8387.430767860471
Mines,22-23,2023,1508.0,2746.273157678446,1713.5656270978018,964.7477150349674,1521.224851563553,1646.264866113036,964.7477150349674,8966.541758122195
Mines,23-24,2024,1911.6,2153.7640332660517,1758.9833327756046,996.0303335712625,1538.5083622548857,1599.4315920399745,996.0303335712625,7379.925188716382
Panchayati Raj@,15-16,2016,94.75,2152.595772569544,817.0435500345391,489.38815157935375,624.4470294145885,521.3472127262932,352.1158668218164,1435.8906287097984
Panchayati Raj@,16-17,2017,768.33,3870.59748360733,654.3341657972804,292.0548292440869,307.33077728284655,170.25907531773117,292.0548292440869,2531.183654944033
Panchayati Raj@,17-18,2018,790.79,85.05971313657199,268.0087303614715,329.6315976690205,264.93815629436097,140.61432133407837,329.6315976690205,85.30833386504092
Panchayati Raj@,18-19,2019,825.17,6299.121469204293,688.5973719410815,363.3216533992313,427.3688489777075,775.6720551781042,363.3216533992313,435.25278393684096
Panchayati Raj@,19-20,2020,871.37,-0.8376935368305294,8452.389540425273,394.40615728421494,606.7161016979018,1357.023746841982,394.40615728421494,34.77839230789871
Panchayati Raj@,20-21,2021,900.94,340.678234071288,317.0258053161591,423.89830645178625,533.4630122334119,269.46421496640227,423.89830645178625,267.9686262396647
Panchayati Raj@,21-22,2022,913.43,490161.06454643,355.4609551250708,451.40360198588905,557.3378841423794,861.5886217534536,451.40360198588905,3443.96043647202
Panchayati Raj@,22-23,2023,868.57,-0.8786556924999396,414.65602259795287,476.56844590892484,764.4117779581564,904.3629346918008,476.56844590892484,2200.421519833589
Panchayati Raj@,23-24,2024,1016.42,10638.967478469287,622.075803009642,497.45534990277,799.2489366553006,890.0357111183636,497.45534990277,1616.902506298437
Parliamentary Affairs,15-16,2016,15.57,14.571383711048494,13.245208349437872,9.265105919025002,10.9123593566682,10.15233171646001,9.265105919025002,13.156705744315346
Parliamentary Affairs,16-17,2017,17.3,15.916968599166683,15.133522332383968,9.991877355660113,13.222329720589167,14.227864307353391,9.991877355660113,8.162808126524517
Parliamentary Affairs,17-18,2018,17.88,21.34647906013304,17.439154504681408,10.715053492119955,14.504501395590474,16.060853199233378,10.715053492119955,9.776747072279049
Parliamentary Affairs,18-19,2019,18.86,19.566716778752035,17.318451980160976,11.353013352634532,15.373229417007495,17.02959758437792,11.353013352634532,8.233499082097572
Parliamentary Affairs,19-20,2020,19.38,6.761485779717401,12.60226747295785,11.95369133097037,15.529231061763138,15.703077523663465,11.95369133097037,4.113723712941277
Parliamentary Affairs,20-21,2021,50.52,80.03957895208362,35.47637371553311,12.498497179967785,16.649817536362164,17.315668643742903,12.498497179967785,176.02123500756193
Parliamentary Affairs,21-22,2022,65.07,95.39486240054721,31.093784441666504,14.092445734051536,21.354446929075326,27.781359994542957,14.092445734051536,14.889465466463767
Parliamentary Affairs,22-23,2023,66.4,18.368053046932662,102.12032491393074,15.907762436958121,39.47864309944181,56.5673631631406,15.907762436958121,135.61028872239893
Parliamentary Affairs,23-24,2024,63.0,68.96151444439988,68.76909853815862,17.663120614882814,51.93248224675136,65.39705800672415,17.663120614882814,65.2951748192586
"Personnel, Public Grievances and Pensions",15-16,2016,921.43,941.0574396438153,933.0711948710504,704.4938532226477,743.3692348004512,911.8173053793998,704.4938532226477,1205.6510517139473
"Personnel, Public Grievances and Pensions",16-17,2017,1477.68,913.4642218400986,928.3931276030661,732.0397852490453,891.9715568465497,950.4746530924047,732.0397852490453,1706.431569011331
"Personnel, Public Grievances and Pensions",17-18,2018,1423.0,1320.2710236738212,1257.3519521731214,799.24114628073,1116.2079444214903,1162.9443216817215,799.24114628073,538.5886280318501
"Personnel, Public Grievances and Pensions",18-19,2019,46430.0,315800704.68680996,36391.09183974252,852.1605767546707,1200.5336521035517,1265.9119007912784,852.1605767546707,814642080331900.0
"Personnel, Public Grievances and Pensions",19-20,2020,48565.0,2951061531.8550053,51046591052.79593,1185.7070119854418,5440.349552528184,20233.076135649153,1271.3555981601705,30579667522.903786
"Personnel, Public Grievances and Pensions",20-21,2021,61169.35,2.056877551686686e+16,9.537622795218272e+16,2.79289177087794e+25,13334.279955482785,47100.32454599284,1770.746487641259,1.5801680525694756e+25
"Personnel, Public Grievances and Pensions",21-22,2022,55873.12,20.885216539464373,14854.338826040743,7819.258250794739,18837.26106056684,55028.23001738921,2379.015922631587,438331.047604297
"Personnel, Public Grievances and Pensions",22-23,2023,65840.81,1796752.989855237,43103.15540911703,11484.026261588995,40723.25285865276,55546.01912654815,3032.9820260385377,105840.97481324837
"Personnel, Public Grievances and Pensions",23-24,2024,71701.0,360957.26090320846,57060.200880434546,18458.963034008822,53417.63731063283,57073.0427069162,3778.866716718661,73553.17618678474
Planning,15-16,2016,2211.63,19781.518175183683,10549.669466265033,2218.3893567329437,2641.4194981583337,8078.754279240035,1265.2381011432958,554.3972049281751
Planning,16-17,2017,293.14,2163.0832501021778,5171.372885623639,1370.3332575113361,2919.4786319795253,2982.797457993287,1370.3332575113361,4825.308997168391
Planning,17-18,2018,252.52,768.4067303686114,912.5123005730225,1130.2781356880926,1143.8911220320595,1550.07914432917,1130.2781356880926,1339.415934725345
Planning,18-19,2019,339.65,187.40160794143304,503.0268057461552,957.0680887457747,704.4712778737417,999.7010364266024,957.0680887457747,1019.2798573175692
Planning,19-20,2020,363.4,214.04373255465782,104.66181212181708,862.9479466750893,573.8756377089194,842.2933500361404,862.9479466750893,84.45267201811359
Planning,20-21,2021,650.0,27794.51176579011,3871.7623688627486,797.7390574635177,461.9041364440458,488.2558148627246,797.7390574635177,688.269143989035
Planning,21-22,2022,1062.77,15065.754452966685,1050.9772761910024,784.2409269743667,717.3367664657833,779.3546003087305,784.2409269743667,7443.92852298673
Planning,22-23,2023,321.42,3514.4721215535455,821.0211664000316,802.7941399095506,995.2508522701739,1217.7530663355603,802.7941399095506,3173.2126368312574
Planning,23-24,2024,824.39,2303.2015857119945,683.9265036905085,752.0216944478476,514.3526104437426,484.6829524159102,752.0216944478476,3593.0154368658564
Posts,15-16,2016,7138.7,6438.473927598322,6284.539990452473,4825.814946045228,4876.6715326384265,6544.418499899229,4825.814946045228,10176.01462066675
Posts,16-17,2017,9025.53,7445.059932076072,7005.955849202364,5103.45197809137,5775.362956441373,7060.548036805074,5103.45197809137,7701.802029463659
Posts,17-18,2018,9550.0,11567.00915819429,8612.726833954164,5480.451626413516,7333.995774979177,7922.870352008246,5480.451626413516,6092.616380931459
Posts,18-19,2019,11496.18,9244.262468503963,8188.117320290696,5829.293157577309,6664.462971263595,4869.464163067063,5829.293157577309,5650.646084285386
Posts,19-20,2020,11299.1,3011.556883473518,4520.729709388907,6238.941041541637,5574.786428105672,4425.519642493333,6238.941041541637,235.385612561944
Posts,20-21,2021,15525.38,17457.90212125906,23247.660952552375,6585.066393440722,9304.035001605347,10336.773993757095,6585.066393440722,11438.137481622398
Posts,21-22,2022,16528.22,28794.17139588516,14148.592784373808,7072.968365881567,10378.486503900827,12552.119950670833,7072.968365881567,157108.63159036162
Posts,22-23,2023,20820.02,23623.688247947754,20725.233677232973,7550.202769006833,13633.534793833634,14764.422174156598,7550.202769006833,136558.50377977663
Posts,23-24,2024,25814.0,17411.286280950317,22908.888177450124,8117.567552667049,16716.300666235453,16519.610415612344,8117.567552667049,74447.08548099716
Power,15-16,2016,6725.93,8224.480597436983,8927.453726109912,8872.595283499139,8609.070628497013,9558.10659363289,8872.595283499139,13978.108503192983
Power,16-17,2017,12252.71,7198.133291806519,7583.099025152226,8528.358582921037,7843.313704367072,6590.184623120559,8528.358582921037,29195.544561894185
Power,17-18,2018,13881.14,9142.947852649952,9218.079505653299,8923.528403890701,9298.064964129819,10221.365703185707,8923.528403890701,7284.708077439483
Power,18-19,2019,15046.92,13730.273428565382,11178.446841950381,9372.554138709584,10385.261345505229,10952.678735796702,9372.554138709584,6764.2111420089095
Power,19-20,2020,15874.82,7334.040542281321,9225.271354447414,9826.917682882351,10804.137492202246,11595.830020890979,9826.917682882351,450.6954639513889
Power,20-21,2021,15874.82,28032.723514536046,17597.169369365827,10264.865497574992,12038.139697932822,14721.640479696904,10264.865497574992,16454.975547230642
Power,21-22,2022,15322.0,25303.659631773822,14041.314027120114,10644.693368970502,12001.5389013595,14832.41448779847,10644.693368970502,312307.82697761233
Power,22-23,2023,16074.74,18314.73325109219,14986.459512327321,10947.153159161693,14762.605029883012,15326.575806540699,10947.153159161693,160036.52757550307
Power,23-24,2024,20671.32,24552.334534888512,16658.836890387487,11251.714512269316,14683.680509482707,15329.502483811542,11251.714512269316,124939.11683953828
Public Enterprises,15-16,2016,19.0,19.61321556481009,19.671591970525665,17.733694368211125,18.318533307896857,17.47115149492714,17.733694368211125,24.01814719582313
Public Enterprises,16-17,2017,20.42,17.102747664142978,18.82495969097218,17.90956382449329,18.927530185043565,19.212205895051287,17.90956382449329,14.713566320059996
Public Enterprises,17-18,2018,19.38,21.260705673641983,20.04519300913452,18.20652322434664,19.672289929513926,20.119132691971853,18.20652322434664,14.085391472696097
Public Enterprises,18-19,2019,20.44,24.374200302828065,19.941473334517394,18.333499410999547,18.74153332170232,19.138733827641865,18.333499410999547,12.14965677207054
Public Enterprises,19-20,2020,22.64,13.033279342820448,19.906783644702813,18.53448205533339,19.315609523097855,19.42051936170547,18.53448205533339,6.02307202642836
Public Enterprises,20-21,2021,24.15,29.04312918118287,25.383196078735626,18.87619808554536,20.2679404618434,21.398451145798784,18.87619808554536,20.023519017684137
Public Enterprises,21-22,2022,21.81,24.405948455762875,19.90996996076973,19.269842415398017,20.344594819650865,19.886848022749852,19.269842415398017,79.41539962073884
Public Enterprises,22-23,2023,30.0,26.711491114853555,22.82123379918918,19.454769807356765,21.72023534707162,22.425165877355074,19.454769807356765,80.84546982343787
Public Enterprises,23-24,2024,33.05,31.685614454177298,23.990386797468034,20.071344437165465,23.200338455804374,24.666857227470373,20.071344437165465,41.7880457171094
Road Transport and Highways,15-16,2016,42841.65,10741.765368887573,17443.235249417183,15348.548824230511,15859.135840982537,21735.911087166456,15348.548824230511,42301.155428288395
Road Transport and Highways,16-17,2017,46983.0,77488.72604793891,45224.6798052634,17772.729788468878,30179.771376645018,37190.79831413316,17772.729788468878,20766.16584420399
Road Transport and Highways,17-18,2018,64900.0,49491.468471029744,51495.75619294117,20069.121433287728,37130.2034127087,45047.22556196088,20069.121433287728,32218.843460552547
Road Transport and Highways,18-19,2019,71000.0,27336.448143688176,46921.40687053008,22864.646641868218,36106.22662067636,20745.646599280608,22864.646641868218,18098.93827795886
Road Transport and Highways,19-20,2020,83015.97,22759.72281643528,5345.2006387424935,25607.938993193682,22996.894753022647,13612.783960030449,25607.938993193682,779.3660604017082
Road Transport and Highways,20-21,2021,91823.22,10913.10057760913,299630.97383711295,28497.742877933837,60320.52718736,63437.54551058225,28497.742877933837,31184.899672265237
Road Transport and Highways,21-22,2022,118101.0,780842.54341876,111059.74609443922,31416.382424091233,60196.55181615382,74291.18630094061,31416.382424091233,1819053.3355581504
Road Transport and Highways,22-23,2023,199107.71,410079.27118596813,198492.68375429837,34785.23924449618,87350.37781063971,103619.22024598368,34785.23924449618,873929.2144697504
Road Transport and Highways,23-24,2024,270434.71,14711.04989259955,336027.5053791962,40070.040662502004,126736.2913868149,172027.914493122,39401.85386826871,568546.5912675143
Rural Development,15-16,2016,7493.08,55034.36848947727,62957.84530681542,59891.78674138898,59094.33519944161,66037.75026526877,59891.78674138898,68262.85155721153
Rural Development,16-17,2017,7671.4,8628.34243256132,13278.797210741333,44505.51978134052,20382.26802287259,19981.299922891947,44505.51978134052,106515.38116461069
Rural Development,17-18,2018,105447.88,457591.06670553546,59579.78923195773,35725.22144077733,14686.006281018132,7617.051698256732,35725.22144077733,54127271.70828703
Rural Development,18-19,2019,112403.92,25038.282464496337,30482.20354519729,40290.682811551516,33103.88742968271,73437.13564454188,40290.682811551516,15705.898327720502
Rural Development,19-20,2020,117647.19,81710.58070846321,62745.53583480504,44643.95585193113,38273.50757796655,58338.72987962794,44643.95585193113,1238.399934661301
Rural Development,20-21,2021,120147.19,3523025.980618111,223883.85756726973,48755.00486099251,51137.93312327834,99874.2171637231,48755.00486099251,36588.522410390164
Rural Development,21-22,2022,131519.08,139283.91902326554,55404.994418721886,52560.63568776226,36861.48747054334,15462.258453232618,52560.63568776226,2251788.3605985497
Rural Development,22-23,2023,135944.29,22569.51787897448,61991.85359675424,56402.89784336101,70358.37285036998,79459.62747209035,56402.89784336101,860413.5493564266
Rural Development,23-24,2024,157545.0,209859.4253294707,79864.26241760665,60060.85810580249,63926.578261119765,72012.40112349609,60060.85810580249,566000.5223519582
Science and Technology,15-16,2016,3835.7,3269.3347947164407,3136.1198352794836,2464.897849438053,2699.5949226274006,2665.4101493817175,2464.897849438053,12233.953334960794
Science and Technology,16-17,2017,4470.2,4137.96949544966,3797.108898234775,2625.6438513534504,3280.127891920937,3478.7245300443233,2625.6438513534504,5302.557908082569
Science and Technology,17-18,2018,4817.27,5242.543099084414,4382.883587760768,2806.2368344235942,3721.6763432594275,3942.9800389504353,2806.2368344235942,3255.1396489011463
Science and Technology,18-19,2019,5114.78,5030.776088130751,4605.360631766326,2979.897635244393,4212.061295184749,4640.045636937212,2979.897635244393,2703.165307580821
Science and Technology,19-20,2020,5321.01,2390.684668560366,3444.4356928654565,3145.3247183896015,4170.111168218604,4566.225021857974,3145.3247183896015,302.8048553592138
Science and Technology,20-21,2021,6301.53,8272.918222271148,6615.79664375764,3299.3162313987877,4458.368045374577,4698.976751144335,3299.3162313987877,12070.819020759374
Science and Technology,21-22,2022,6067.39,6994.039776974872,5064.343011969493,3482.1231990335405,4517.645364736341,5033.893962014821,3482.1231990335405,24651.29105023575
Science and Technology,22-23,2023,6000.0,5717.415765080787,6515.555037841817,3634.0915012707565,5478.366633189964,6080.137461108503,3634.0915012707565,27838.52492096287
Science and Technology,23-24,2024,7931.05,7546.717789863459,6484.235606559732,3766.609980096737,5507.364075649163,5832.953156150373,3766.609980096737,104007.54883495806
Scientific and Industrial Research,15-16,2016,4031.0,3087.7985694744525,3295.133024594076,2938.7258020411737,2991.3593972483786,3214.828927991061,2938.7258020411737,8214.610839851648
Scientific and Industrial Research,16-17,2017,4062.8,4406.158728758464,3953.6218917923397,3074.4507824823872,3558.2289447526214,3627.5467547788016,3074.4507824823872,3493.7455357955937
Scientific and Industrial Research,17-18,2018,4446.0,4412.062184755821,4155.6181441158005,3183.4667917842303,3757.2442575942223,3932.375577816439,3183.4667917842303,4522.084329500558
Scientific and Industrial Research,18-19,2019,4795.97,3990.858329129427,4092.9061991296735,3303.845900023751,3991.733909011666,4290.983098154744,3303.845900023751,2838.2674775629057
Scientific and Industrial Research,19-20,2020,4895.89,4700.9453457189475,3254.4958344864044,3429.305444779623,3919.479972906733,4166.009697774512,3429.305444779623,223.15336066333717
Scientific and Industrial Research,20-21,2021,5385.0,5675.842538630286,6164.118656322685,3542.1228175538567,4341.790854580949,4415.895088001481,3542.1228175538567,7701.143060994315
Scientific and Industrial Research,21-22,2022,5224.27,5822.178145122559,5024.659168270254,3667.9592258160683,4504.645464699997,5064.464173380125,3667.9592258160683,48710.89214249076
Scientific and Industrial Research,22-23,2023,5636.46,7861.585037860912,5588.63250540273,3769.124075060248,4960.51822780786,5263.5679011758675,3769.124075060248,48813.300788601824
Scientific and Industrial Research,23-24,2024,5746.51,6594.069063862407,5695.462895712198,3879.0399962276165,5249.609360267891,5289.862521362395,3879.0399962276165,21919.58295191064
Secondary Education and Higher Education,15-16,2016,25700.26,24092.90224696941,25128.727943931484,18097.682003262256,20532.551768293477,20484.02119945125,18097.682003262256,33865.87236798146
Secondary Education and Higher Education,16-17,2017,27585.0,25175.169543162196,24922.334847581016,19027.526475817445,23186.467292260746,26018.984774471995,19027.526475817445,25776.981819772063
Secondary Education and Higher Education,17-18,2018,33329.7,32198.28279423948,27599.5329664968,19931.67590798082,25349.263568578397,26977.08051931009,19931.67590798082,26414.66312429803
Secondary Education and Higher Education,18-19,2019,35010.29,33865.33469434709,29617.75007690835,21103.465828437253,27883.647895520247,28370.642280035983,21103.465828437253,14370.530409405448
Secondary Education and Higher Education,19-20,2020,37461.01,15328.707629448912,21211.534653935996,22199.243558949904,30521.17743349485,33195.662418703054,22199.243558949904,628.4043684572695
Secondary Education and Higher Education,20-21,2021,39466.52,45805.89667355099,65694.00631452167,23280.733579552434,30399.52775894089,31649.26877243847,23280.733579552434,29324.222708405912
Secondary Education and Higher Education,21-22,2022,38350.65,104120.26308910472,39947.512522661724,24327.613484678863,33573.3080331097,37573.25596182028,24327.613484678863,665603.8791628013
Secondary Education and Higher Education,22-23,2023,40828.35,116891.49845325279,42329.1873915316,25194.4714442115,36493.76559511263,38982.765339008605,25194.4714442115,402597.8878187644
Secondary Education and Higher Education,23-24,2024,44094.62,56505.46582279266,42155.046007262375,26078.393508788584,37867.22286452352,39038.30957811613,26078.393508788584,218760.73734679678
Shipping,15-16,2016,1439.79,1588.2243692457455,1656.2296311464188,1736.5824534123328,1702.7386000048737,1676.8531156806848,1736.5824534123328,3838.312532589523
Shipping,16-17,2017,1531.0,1514.7933452700743,1512.4015911783051,1690.7054390577803,1570.524485883611,1451.7364084874037,1690.7054390577803,5331.951194906829
Shipping,17-18,2018,1773.0,1524.4459574118314,1521.8519121291736,1669.8655241402057,1559.1478882306517,1491.3798355883962,1669.8655241402057,4153.32796667616
Shipping,18-19,2019,1881.13,1753.2025478588914,1614.0871544014167,1681.0222381884155,1643.4610945795453,1750.9738804711628,1681.0222381884155,2126.1016995521118
Shipping,19-20,2020,1902.56,1522.6424526633737,1731.2380274471655,1700.036065793655,1742.5204637443585,1815.6799785169796,1700.036065793655,353.0721555749743
Shipping,20-21,2021,1800.0,1917.2350074123399,1864.5528631066925,1717.5204636661517,1722.4614223421731,1740.0008527114728,1717.5204636661517,1974.1527508340264
Shipping,21-22,2022,1702.35,1903.1430509000393,1736.3639286999799,1724.2470429373009,1698.4490416471137,1757.1529176321612,1724.2470429373009,21884.69542652302
Shipping,22-23,2023,1709.5,1802.9934458765133,1694.8195299625547,1722.5527070107153,1670.4686164093914,1701.127966257333,1722.5527070107153,16476.04748846261
Shipping,23-24,2024,2218.74,2402.7662718484858,1801.7161126190942,1721.617076558658,1637.81205215978,1518.923470501205,1721.617076558658,19097.972420245627
Small Scale Industries,15-16,2016,606.0,529.2917684530498,558.430687050686,639.2070081923032,536.7644617199654,481.3631637969957,639.2070081923032,1340.281292666259
Small Scale Industries,16-17,2017,361.0,545.8911472729899,566.2771070747557,634.3541788140012,537.7020210677734,485.7728191585086,634.3541788140012,704.2185398035504
Small Scale Industries,17-18,2018,6481.96,14626.58517688685,3342.1270530070956,591.2123714594758,990.0786603050817,480.8915674812405,591.2123714594758,4574.484126758988
Small Scale Industries,18-19,2019,770.91,102.6369266729689,496.26046064464737,771.6001607094942,950.7754104560722,580.9924971631408,771.6001607094942,106.61204037913569
Small Scale Industries,19-20,2020,822.05,1212912.1771688936,1157.659307570373,771.5311168795339,777.1276710378125,639.6846622771246,771.5311168795339,88.59507341367183
Small Scale Industries,20-21,2021,882.61,129.19867596762387,2822.0472566129306,775.992652810154,527.112651249769,384.7942097802527,775.992652810154,611.6103088435977
Small Scale Industries,21-22,2022,534.88,3.7436692638047484,829.0376168952752,784.3632128809919,581.1965910540237,652.2789111351825,784.3632128809919,7393.165181041402
Small Scale Industries,22-23,2023,3306.0,4905.673993778233,991.9152779124722,761.6075361094216,1293.2340113288105,4772.92513821187,761.6075361094216,5849.028627839068
Small Scale Industries,23-24,2024,6171.63,493.85330620210476,973.6033030331638,845.8580106202343,692.0432263874683,675.4789416757085,845.8580106202343,2747.8282645454747
Social Justice and Empowerment,15-16,2016,6725.93,8071.446613016229,8670.377407538497,8087.550226314035,7230.17090901779,6402.926250417353,8087.550226314035,15375.106859479549
Social Justice and Empowerment,16-17,2017,12252.71,9602.594093951337,8410.082920536079,7877.3347967969585,8345.63513777666,8169.568033908901,7877.3347967969585,21181.41288632539
Social Justice and Empowerment,17-18,2018,6908.0,6761.069326498516,7516.365754150104,8324.562363060504,7893.28663650251,7625.546011674331,8324.562363060504,5412.268354474275
Social Justice and Empowerment,18-19,2019,15046.92,11076.566808550118,9599.585596026918,8153.80832575273,9061.461170324987,11205.104168194604,8153.80832575273,16402.927337574427
Social Justice and Empowerment,19-20,2020,15874.82,9595.527741533215,5927.870256484808,8669.018601394797,8534.613506425776,12395.751439744647,8669.018601394797,277.7181828029889
Social Justice and Empowerment,20-21,2021,15874.82,6198.558901666158,9587.246414951484,9159.165376331952,8432.954809169602,6562.1390435353305,9159.165376331952,15703.425759909614
Social Justice and Empowerment,21-22,2022,15322.0,8490.579295082722,10803.006863852956,9588.722765122522,8685.327080757223,6498.965573348386,9588.722765122522,271421.34388291236
Social Justice and Empowerment,22-23,2023,16074.74,14587.303837080222,13729.321959103569,9940.749177690559,14624.28142562951,15290.825270957717,9940.749177690559,125989.64518904811
Social Justice and Empowerment,23-24,2024,20671.32,20422.939916009367,15430.357015497648,10287.937487266283,15123.143992886753,15811.757630213246,10287.937487266283,88502.69131485382
Space,15-16,2016,7388.19,5938.507598301253,6346.640701068214,5675.243142324991,5987.724135564814,6669.662274980897,5675.243142324991,15517.11225100594
Space,16-17,2017,7509.14,7717.004309233749,7247.530927017872,5893.178088160478,6848.313931971997,7138.999116062769,5893.178088160478,6809.639870073359
Space,17-18,2018,9093.71,8693.821579890073,7698.719334735178,6074.420622305903,7031.779194805137,7365.265201112914,6074.420622305903,14567.47945524629
Space,18-19,2019,10783.42,9212.204627552963,8358.587529633556,6352.958984172569,8005.3314417556185,8888.056329997988,6352.958984172569,8115.173990209112
Space,19-20,2020,11538.26,12378.171592640685,8413.217089137937,6698.149128838014,8612.550339202407,9807.928370105355,6698.149128838014,595.2422372319586
Space,20-21,2021,13479.47,19062.29213499736,14866.786630659719,7037.637244704328,9078.098172982847,9830.493597749532,7037.637244704328,24703.25643156576
Space,21-22,2022,13949.09,16296.536712338253,11269.119203579952,7429.304653083519,10107.018528204568,11221.883448116698,7429.304653083519,125389.98548830095
Space,22-23,2023,13700.0,16032.395262113103,13897.28498774088,7798.207892483506,12251.573683501028,13630.684809670909,7798.207892483506,63618.331094620815
Space,23-24,2024,12543.91,12822.289354637342,13706.029148601308,8118.498290125526,13226.806798735752,13407.152091974487,8118.498290125526,31911.778277196674
Statistics and Programme Implementation,15-16,2016,1753.74,3014.0308028400445,2343.3921765451705,1749.9767258047964,2012.8614119655135,1554.5452277825768,1749.9767258047964,2677.636241902869
Statistics and Programme Implementation,16-17,2017,1545.64,1619.3606822294207,1752.649997464875,1750.5138418666363,1745.258280191683,1582.7316455741827,1750.5138418666363,2336.577119109706
Statistics and Programme Implementation,17-18,2018,9591.48,4324.374779634727,2109.486144473061,1723.4894103743761,1785.379301590369,1734.584408237277,1723.4894103743761,43909.66943262665
Statistics and Programme Implementation,18-19,2019,9718.0,17576.526884083916,5452.293855599038,2085.740047129777,4234.778450433431,7514.935837296313,2085.740047129777,93.06472878655902
Statistics and Programme Implementation,19-20,2020,10462.12,505061.11644780537,14420.872457666335,2432.7932031243035,6471.180134204951,9681.15761525061,2432.7932031243035,206.99291872353064
Statistics and Programme Implementation,20-21,2021,10888.0,14509.194745524417,9771.203848563822,2777.8394105531843,4693.856076037773,5448.27471339258,2777.8394105531843,3876.4047287744897
Statistics and Programme Implementation,21-22,2022,2818.26,5011.311457839963,5270.104898089765,3112.7984294926728,6482.086667175071,10408.6969882639,3112.7984294926728,51911.144174286535
Statistics and Programme Implementation,22-23,2023,10796.16,2010.5109991787992,4622.974013003402,3089.088030167646,5102.0433792170725,5871.83704498223,3089.088030167646,97688.95359814173
Statistics and Programme Implementation,23-24,2024,10886.8,4954.980784540459,5297.961046407225,3377.9421612692627,5800.726618155606,4610.18064220153,3377.9421612692627,11532.435569325784
Steel,15-16,2016,82.95,114.99024198700978,115.7693956143403,117.95810520728125,117.61292755679071,115.79427649127639,117.95810520728125,406.65804404799024
Steel,16-17,2017,85.62,84.42251808698526,92.0176073797355,112.17989208748423,97.53700354203107,96.8008847455184,112.17989208748423,452.6786057655671
Steel,17-18,2018,44.14,74.97399811264127,85.44415014498715,108.45872586350457,94.44084820200278,87.29630226726171,108.45872586350457,112.09286417141786
Steel,18-19,2019,47.9,68.86115220675323,72.89372912830713,98.19897500852365,63.395365444726124,51.01468767131066,98.19897500852365,205.40879695379724
Steel,19-20,2020,241.29,1426.381378172341,268.2341664226426,91.42455158468005,57.00629424950068,47.986661690863464,91.42455158468005,280.51353561263494
Steel,20-21,2021,100.0,92.04651056255821,79.8661508140896,99.88745878382787,69.93773229848141,54.16642107134478,99.88745878382787,46.76242066227002
Steel,21-22,2022,39.25,59.38559903542094,69.68577001041785,99.89683242694984,100.36823650233003,131.37928405373066,99.89683242694984,1000.9696063771852
Steel,22-23,2023,47.0,53.273027386795,59.00401321551053,93.01055924031515,75.77004199771109,84.45479969857311,93.01055924031515,426.0662024581298
Steel,23-24,2024,70.15,30.403941692273527,60.78112204710963,88.60332127205184,58.31137578326392,45.83888101104398,88.60332127205184,226.32790164767374
Telecommunications,15-16,2016,13474.6,11445.31805222546,10964.085386188457,7629.013603042367,8090.920578250109,10358.377451373995,7629.013603042367,16296.534125773607
Telecommunications,16-17,2017,18413.87,13628.63178312054,13268.136122718593,8274.881881408193,10795.516457102922,12198.042392838184,8274.881881408193,11505.902875574877
Telecommunications,17-18,2018,26687.47,24023.955921377063,17811.425165080116,9145.050188830783,14044.697675779918,15944.044627726043,9145.050188830783,11882.557901473403
Telecommunications,18-19,2019,28055.28,40216.42378019199,24198.300752214276,10300.732241387213,17799.66127456594,19716.358442816432,10300.732241387213,5899.964348612753
Telecommunications,19-20,2020,27338.36,3271.0106136606546,13098.824912322754,11386.338760749102,19581.613577230877,24211.753297708798,11386.338760749102,378.7526831706023
Telecommunications,20-21,2021,66431.69,23059.380862772832,48183.53047284246,12330.07608024935,20693.759413148335,21655.73764797271,12330.07608024935,94259.64045232108
Telecommunications,21-22,2022,58737.0,242065.6497623459,44536.58749609344,14187.921381414531,25796.703756377832,29165.48159063433,14187.921381414531,189715.0863577213
Telecommunications,22-23,2023,84586.8,2753.0798128020388,107740.20354806799,15826.364189118556,43953.601858271264,63282.55061257472,15826.364189118556,1082475.5618851956
Telecommunications,23-24,2024,97579.05,1048841.8044575765,90073.14351562095,17839.268689322893,56287.01377054918,61617.68894558467,17839.268689322893,184683.42169735502
Textiles,15-16,2016,4274.8,4027.986811696623,5372.200989028734,5358.302845239627,5130.560573059125,6007.754366719572,5358.302845239627,12561.977967490055
Textiles,16-17,2017,4594.82,4298.415270244756,4384.909329860774,5188.139081374655,4980.481518431912,4164.584309907335,5188.139081374655,7734.684894655648
Textiles,17-18,2018,6226.5,5396.845133473225,4878.540901064374,5109.975197938672,4826.5283026480065,4335.922962752958,5109.975197938672,7650.917295493499
Textiles,18-19,2019,7147.73,5729.4434500845855,5252.979172899277,5223.42156891979,5309.379105126545,5104.181652799342,5223.42156891979,4265.585872870115
Textiles,19-20,2020,5831.48,6539.946941123213,5235.552349532547,5389.850422711841,5381.838285516229,5441.718978100172,5389.850422711841,215.54964327744966
Textiles,20-21,2021,3514.79,5670.494126108773,8888.412867209996,5428.577130969715,5338.536797317965,5091.200807886974,5428.577130969715,2684.546158617993
Textiles,21-22,2022,3631.64,4606.540380907188,5452.3319955913785,5235.455496741892,4541.707257610019,4025.8661143421405,5235.455496741892,86707.16797060956
Textiles,22-23,2023,12382.14,42885.33148130031,9441.166492793558,5090.2083957615605,4663.680246145957,5354.631592201507,5090.2083957615605,637893.4894495524
Textiles,23-24,2024,4389.34,13255.832248974479,7854.531319486477,5423.915907359285,5711.499829911606,4226.191084604004,5423.915907359285,8169.346465871606
Tourism,15-16,2016,1553.07,1427.149460069022,1346.0614535373056,1159.7910130595185,1249.8551077834295,1333.3962477561122,1159.7910130595185,10593.202065948839
Tourism,16-17,2017,1590.32,1554.4992108626832,1524.5093745000265,1209.1979137452267,1418.272653987094,1487.5432527809453,1209.1979137452267,1477.2091858969377
Tourism,17-18,2018,1840.77,1703.508663827357,1582.1159168083668,1251.3307372944028,1464.0578127257388,1556.0108374625715,1251.3307372944028,4300.897823114443
Tourism,18-19,2019,2150.0,1946.6549410256714,1741.4062310105705,1306.1696877380368,1667.720690904211,1807.757647473182,1306.1696877380368,2294.5919516124322
Tourism,19-20,2020,2189.22,2712.4515051453445,1861.2783445655555,1372.9243245991431,1707.943729553059,1753.458817083341,1372.9243245991431,162.64189535631698
Tourism,20-21,2021,2499.83,3376.169642925911,2395.7273457596743,1432.422343071682,1780.820186957102,1859.0278191362156,1432.422343071682,3052.9196164278906
Tourism,21-22,2022,2026.77,2060.3787506313092,1942.7466121458037,1500.4700361907549,1934.9037861263457,2126.421334783525,1500.4700361907549,2609.7592331440555
Tourism,22-23,2023,2400.0,2528.2299840469204,2236.3888228812293,1535.5803919392672,2113.607409513322,2175.688813478127,1535.5803919392672,35135.9235197857
Tourism,23-24,2024,2400.0,2608.3464411622926,2258.7110982709423,1585.3564467883443,2172.446474078245,2244.6129193377396,1585.3564467883443,6331.415905102645
Tribal Affairs,15-16,2016,2130.74,3845.151309552256,3497.005731711234,2611.6397563269634,2737.949137746283,2514.9018880575613,2611.6397563269634,4581.459867256504
Tribal Affairs,16-17,2017,798.56,1721.3930289627908,2202.3038240713786,2536.808072541454,2424.7757116878415,2158.7241458833564,2536.808072541454,2832.7472424894713
Tribal Affairs,17-18,2018,10658.64,1673463.6448912055,29350.195047247602,2195.634549681561,2146.2515988568066,2291.262561345385,2195.634549681561,18179879.701844934
Tribal Affairs,18-19,2019,12000.0,7566.822806782727,2146.2413096804303,2617.0524045441584,4221.683760879124,6555.018235213561,2617.0524045441584,96.11214949367286
Tribal Affairs,19-20,2020,13053.92,16.269820223884054,1598.3524106272664,3047.6126364459874,6064.477819585017,11672.17830179434,3047.6126364459874,224.60320458190415
Tribal Affairs,20-21,2021,14822.0,1676.2464498546162,14653.845778012332,3478.581153719753,5214.913638728714,5478.317078068822,3478.581153719753,5366.850135818527
Tribal Affairs,21-22,2022,15049.74,15234.904061970456,7586.808694109133,3925.2480298939345,8228.843380608345,13427.08245608511,3925.2480298939345,90200.28849525852
Tribal Affairs,22-23,2023,16903.84,29294.5815403091,10572.175363622431,4352.800351562919,12497.64936175997,14949.020281809646,4352.800351562919,62569.089657019336
Tribal Affairs,23-24,2024,24923.76,15318.330125562667,14537.507363268007,4795.7835425588,14405.397850877778,15392.200694207091,4795.7835425588,41713.8317485079
Urban Development,15-16,2016,13192.87,9025.573429762386,9486.828774167954,7103.716442089954,7737.20951587784,9921.63796168607,7103.716442089954,22755.100903862036
Urban Development,16-17,2017,17461.6,15985.220879420063,13159.657245761635,7760.584415800889,10759.49769031645,12285.847827687225,7760.584415800889,11221.123490995937
Urban Development,17-18,2018,34211.84,38633.456918183736,19617.995925030267,8588.545813275476,13149.38468945728,15101.995915781534,8588.545813275476,56174.20798143968
Urban Development,18-19,2019,41765.13,41161.651172361344,31671.51985520937,10014.236107301826,21731.265191516013,30116.514709762247,10014.236107301826,3531.112081270051
Urban Development,19-20,2020,48032.17,36054.48060662465,32649.714922496947,11551.540415602021,22797.046483946273,33258.311951444935,11551.540415602021,689.6246338416713
Urban Development,20-21,2021,50039.9,231732.5631986072,78421.29878225097,13149.365922856305,26446.9419456931,30153.69054758906,13149.365922856305,15108.477752139339
Urban Development,21-22,2022,54581.0,115490.14087539798,38215.039136328676,14698.5298297341,32379.69026387106,36608.85062520052,14698.5298297341,475972.7964729774
Urban Development,22-23,2023,76549.46,78826.22856701695,62795.84014903371,16259.356362228304,43573.05673123215,49997.968407057306,16259.356362228304,482943.4323575921
Urban Development,23-24,2024,76431.6,134115.49977063012,83370.99885473607,18162.037088069,58670.1986247896,67467.44517377655,18162.037088069,116054.6417259586
Water Resources,15-16,2016,2232.43,3327.9773026630605,2732.257504400106,1308.019402553281,1735.0165736731062,2072.101683660053,1308.019402553281,5473.651493728844
Water Resources,16-17,2017,4566.8,3189.0828676152696,2611.3515460480185,1411.839058355382,2049.511232036838,2195.5236718072065,1411.839058355382,6342.047064190206
Water Resources,17-18,2018,6887.0,6194.0737997531805,4094.6573239968275,1635.0421600465618,2720.956999825152,3276.1695481010042,1635.0421600465618,928.7901680418245
Water Resources,18-19,2019,8860.0,15933.980904265016,7800.6786798080375,1918.380186924695,4636.5301894009835,6764.6561870112355,1918.380186924695,1190.5824953091526
Water Resources,19-20,2020,8041.25,2234.026540333442,6096.503187807392,2235.62502779603,4765.642397321968,5960.870970150622,2235.62502779603,152.07846801294508
Water Resources,20-21,2021,8960.39,6900.896833388963,12570.291034669313,2511.5749979023362,5365.050732510114,7067.7912533799035,2511.5749979023362,4430.778267126974
Water Resources,21-22,2022,9022.57,12692.095684268823,6087.67577719262,2792.446742718925,5880.886591709407,7155.529589738715,2792.446742718925,48839.76791459826
Water Resources,22-23,2023,18967.88,13058.477865181458,12397.719563260485,3056.120444726087,6704.9435325212535,8282.698094373929,3056.120444726087,135549.52117774842
Water Resources,23-24,2024,20054.67,234115.82904530677,20239.488241998155,3481.860335842654,11534.513645629422,15290.066829621259,3481.860335842654,15900.266707407098
Women and Child Development,15-16,2016,1084.61,15230.579679918239,18181.434541345843,11512.389089077678,15340.811944884976,20233.671401960357,11512.389089077678,1993.4575643141948
Women and Child Development,16-17,2017,3094.32,2591.4123197332933,5226.723947170018,8215.729487719696,3910.6668369934155,3098.8703433829146,8215.729487719696,71289.1774188902
Women and Child Development,17-18,2018,22094.67,37836.16731577936,8813.108781226325,7271.769272708422,4475.176466683653,2461.802392144862,7271.769272708422,64942.59487562931
Women and Child Development,18-19,2019,24700.0,5464.341693991667,6649.167007246622,8227.541246918656,8285.265623504432,18122.562931933233,8227.541246918656,3662.772080370055
Women and Child Development,19-20,2020,29164.9,57292.00203194886,13456.470233940747,9183.637473871782,5837.362623884253,1657.697372117572,9183.637473871782,382.28726590527964
Women and Child Development,20-21,2021,30007.1,2630774.706880656,49595.763760390735,10200.908302376036,9720.740841786772,23067.171050797297,10200.908302376036,8774.322843744229
Women and Child Development,21-22,2022,24435.0,8655.828877485672,10147.097916066112,11160.635585884078,6930.059711638021,5064.1063054203705,11160.635585884078,277555.7137286926
Women and Child Development,22-23,2023,25172.28,3305.5645983186496,10717.552240030387,11854.092241502138,11530.811452432967,11917.511781551697,11854.092241502138,150958.24728268528
Women and Child Development,23-24,2024,25448.75,25067.552253202935,15002.95434807144,12509.209165089396,11411.925526433515,8431.931325673979,12509.209165089396,77635.53141855479
Youth Affairs and Sports,15-16,2016,1398.84,543.2782138069514,955.8170211411878,1542.309531707349,1238.2915683997533,2095.6423772301173,1542.309531707349,3207.087622486704
Youth Affairs and Sports,16-17,2017,1592.0,1631.6722304220502,1435.1647478567577,1520.9469637567854,1634.9775747131478,2059.941351887936,1520.9469637567854,1991.6801882775076
Youth Affairs and Sports,17-18,2018,1943.21,916.1593048511974,1283.5571389791553,1529.6523081351063,1350.2856769607001,1297.3608314983085,1529.6523081351063,1839.358651157426
Youth Affairs and Sports,18-19,2019,2196.35,1837.945590892658,1277.5218054835277,1570.8723931335574,1438.5353867545718,1505.34084356619,1570.8723931335574,1278.167249400911
Youth Affairs and Sports,19-20,2020,2216.92,347.16429231763647,668.4580444815873,1624.4195598950016,1511.599766143016,1729.780493427746,1624.4195598950016,100.01177920279663
Youth Affairs and Sports,20-21,2021,2826.92,132.37610895417595,1267.8493760691772,1671.0005912904735,1818.657020725561,1770.3912487617026,1671.0005912904735,1255.276771396129
Youth Affairs and Sports,21-22,2022,2596.14,1649.7382755715835,1912.0046024879532,1745.8501482757417,2011.2295373470497,2105.8053819208726,1745.8501482757417,19921.26490133655
Youth Affairs and Sports,22-23,2023,3062.6,4959.720601621291,2342.942239887663,1799.9632862287262,1910.6824306065944,1655.0237651560606,1799.9632862287262,18024.016797629167
Youth Affairs and Sports,23-24,2024,3397.32,6006.956521567665,2748.3230218283124,1869.6191409893406,2147.289535542427,2085.8746105055325,1869.6191409893406,9875.934549945334
